Genes,baseMean,log2FoldChange,lfcSE,stat,pvalue,padj
"Gene3",126.835794891836,-2.01177393738348,0.561395552025159,-3.58352311507684,0.000338990749862,0.007463960837227
"Gene7",7.68095724153373,2.60128119900096,0.813228694787488,3.19870808257783,0.001380448715169,0.018066254276261
"Gene13",1.43941954289523,3.53034086510085,1.2556997437626,2.81145304252629,0.004931828898078,0.038997680756233
"Gene24",520.846807833154,-1.63289028584973,0.568224787246866,-2.87366958024011,0.004057331946525,0.034490486390972
"Gene26",23.9595443404113,-2.72474218917654,0.897120742532185,-3.03720788072045,0.002387807199425,0.024925596608554
"Gene30",10.5845845776086,1.80220183905663,0.661325663834277,2.72513519074356,0.006427516299755,0.045544260490723
"Gene35",19.0512207397096,2.09226591925015,0.647054276986266,3.233524595487,0.001222728070343,0.016532618499504
"Gene43",38.6085740428724,-1.61549529464851,0.477042039834252,-3.3864841245644,0.000707943724101,0.011906127631555
"Gene45",17.5575590853703,1.67570481032179,0.621250665996846,2.69730867432228,0.006990244090864,0.047493566148528
"Gene46",2.03166834077345,3.69656640216099,1.32260620425119,2.7949108285439,0.005191403247292,0.040067926762736
"Gene47",1.28594193649588,3.73612059529271,1.37001031451571,2.72707479331162,0.006389855347406,0.045395465173421
"Gene51",34.4767337858809,-1.30806487575724,0.466321031439366,-2.80507373154437,0.005030507100237,0.03955444904645
"Gene54",163.372092734231,1.27076526741692,0.470509537229439,2.70082786185318,0.006916712688389,0.047348200300291
"Gene57",5.63279841856776,2.37443293461102,0.863701577422075,2.74913580880341,0.005975262312382,0.043939547017773
"Gene73",8.35568041784332,1.7154253739312,0.631799914757529,2.71514024276109,0.006624770987861,0.046339380119198
"Gene77",3.8929404840264,3.00774405623671,1.12403444255291,2.67584688010585,0.007454069178778,0.049253250838209
"Gene80",18.1771013464156,-2.28401017177905,0.680896926280081,-3.35441398488491,0.000795332755881,0.012721083977951
"Gene81",3.58324825411593,-2.73356602670796,1.02065391875403,-2.67824967550703,0.007400802845863,0.049253250838209
"Gene86",115.988094820687,-1.7994160626573,0.462669217272516,-3.88920636057235,0.000100572574281,0.003606602037823
"Gene93",5.45140236218413,-2.34567847570995,0.874950298544068,-2.68092768196456,0.007341838043952,0.049207472941571
"Gene94",2.42711219958348,3.25292653432999,1.10354628888474,2.94770284408952,0.003201446406098,0.0301811098042
"Gene100",58.2860586962799,-3.02694587104601,0.665719988788713,-4.54687544616707,5.44E-06,0.000758399715904
"Gene101",48.4586343322378,-1.81686276345021,0.452069631962893,-4.01898874640476,5.84E-05,0.002648428948451
"Gene111",25.4534592541529,-1.69877139660382,0.584124325002065,-2.90823601054076,0.003634739120151,0.032362244225003
"Gene112",11.9436567797234,2.1910825197441,0.551796939988317,3.97081310344073,7.16E-05,0.002956815398173
"Gene118",2.62437445839733,-3.91211529951642,1.16426127191957,-3.36016957178894,0.00077894646473,0.012563050045523
"Gene122",1.92814135961368,3.62231301338006,1.19157031025283,3.03994903381865,0.002366181862045,0.024794855704396
"Gene127",115.476970483182,-2.52960170996983,0.700425023199203,-3.6115238978982,0.000304403026926,0.006998700817372
"Gene128",53.7846562685772,-1.38845927159126,0.518120253935355,-2.67980118716706,0.007366589847696,0.049253250838209
"Gene130",150.950746855318,-2.1615790170993,0.674966938958264,-3.20249614067832,0.001362421257388,0.017888755256644
"Gene152",22.7884518058948,1.86793811626668,0.605870489489033,3.08306502573185,0.002048803814213,0.022690918665944
"Gene153",20.4282955152604,1.78447442513813,0.522587729811588,3.41468871797181,0.000638549413368,0.011045891280773
"Gene155",83.6790541579959,-1.72538020787366,0.413296813192168,-4.17467580876656,2.98E-05,0.002007456644556
"Gene166",4.79887722472073,3.05785467962412,1.01859083224161,3.0020441798938,0.002681732529308,0.026960812826937
"Gene174",83.4282016102105,-1.5566639121593,0.556540994311939,-2.79703369216104,0.005157415478918,0.040067926762736
"Gene185",50.4441441674876,-1.32075156138469,0.492224018444161,-2.68323265808802,0.007291424564136,0.048990101664582
"Gene199",10.9383473122823,-2.4518960615135,0.767747102990259,-3.19362463494,0.001404986737654,0.018271533970113
"Gene205",54.5922873300948,-2.88039394340662,0.53358297126306,-5.39821189680839,6.73E-08,6.11E-05
"Gene220",37.5234933224309,1.51726790284155,0.540561258928543,2.80683803691178,0.005003038936299,0.039452328746586
"Gene229",18.9534626730361,2.6933798014636,0.666302522304002,4.04227766112935,5.29E-05,0.002552567051201
"Gene230",8.2427768055008,1.9281336589764,0.580417384593207,3.32197778729139,0.000893818090999,0.013604510552666
"Gene235",75.0870135365562,-1.28463067365522,0.451932701856792,-2.84252648320698,0.004475751244724,0.036509533731289
"Gene239",52.7024310935148,-1.75496645738807,0.647940698739896,-2.70852943919265,0.006758211611129,0.046673631266214
"Gene243",22.2452419303681,1.54742738928919,0.513326478331173,3.01450919562905,0.002573954082269,0.026166932452027
"Gene254",24.5785224013114,3.12216480098599,0.754994093073815,4.13534997111658,3.54E-05,0.002162915127661
"Gene263",14.804615945426,2.3107600726091,0.543753546670511,4.24964597795868,2.14E-05,0.001620386073206
"Gene268",115.879916803794,2.70541423003036,0.6731686701916,4.01892475070227,5.85E-05,0.002648428948451
"Gene274",33.9339962914455,-2.27130998942517,0.66272588804387,-3.42722388004077,0.000609786102151,0.010718466034264
"Gene277",18.4782797902646,-3.37128256210912,0.946254253990148,-3.56276608310415,0.000366967647353,0.007869761964263
"Gene279",13.1758182362805,1.99676445816197,0.648249537644139,3.08024046637749,0.002068335289837,0.022727925920204
"Gene280",32.8951610896074,-1.64902506175914,0.587861441979388,-2.80512539860874,0.005029700770575,0.03955444904645
"Gene290",104.090080395501,-1.42363768018122,0.511840096918532,-2.78141100853967,0.005412316711747,0.041074810253909
"Gene316",14.8392759037174,-1.95451634254631,0.683357356481488,-2.86016726681607,0.004234176156767,0.035321740332365
"Gene317",2227.32908116843,-2.40096399554065,0.599563031157826,-4.00452307892317,6.21E-05,0.002699661635152
"Gene318",72.1821206332678,1.94663704933148,0.459885230163161,4.23287577346382,2.31E-05,0.001676271957348
"Gene323",5.29797316169641,2.52383707207506,0.803221260942149,3.14214425688221,0.001677153816522,0.020218608730597
"Gene333",8.0851109472377,2.1997927429549,0.740151593362287,2.9720840469476,0.002957857012061,0.028508490982966
"Gene340",19.4241244399339,-1.71454084950834,0.546263201594651,-3.13867169617733,0.001697154761607,0.020280255035075
"Gene344",913.879182369797,-2.12545665640819,0.594091341066185,-3.57765971238319,0.000346684386084,0.007496361983231
"Gene349",88.6438454058815,2.26852386082163,0.619363726563769,3.66266825699885,0.000249601698785,0.006176530702769
"Gene358",17.3326245802433,2.16183503573937,0.564258490152715,3.83128490482132,0.000127475789279,0.00418443117942
"Gene382",22.9843425551191,-1.70457575486359,0.58469554293354,-2.915321957666,0.003553217791241,0.032069403790768
"Gene388",8.10550294304829,3.05838927879621,0.73989889994043,4.13352321383698,3.57E-05,0.002162915127661
"Gene405",122.230487574305,-1.66752871377669,0.497791322100187,-3.34985492865037,0.000808538946681,0.012775701055758
"Gene408",3.89652885394099,2.15839165704876,0.727098353838894,2.96850026637111,0.002992568428428,0.028708636208631
"Gene434",197.106792740464,1.53234483455721,0.496746071523557,3.08476487767159,0.002037131258868,0.022653731080758
"Gene445",179.299620909434,-1.83647702051337,0.423347626578815,-4.33798822814817,1.44E-05,0.001328012313154
"Gene446",132.847282796511,1.65122478070321,0.495436748994528,3.33286697858872,0.00085956028326,0.01323238543354
"Gene449",33.9237576273593,1.86731449116104,0.539698308728602,3.45992281421075,0.000540330246586,0.010020184830794
"Gene450",20.747004004337,-2.35067882338059,0.538797323732328,-4.36282572284712,1.28E-05,0.001257474104802
"Gene454",24.2633009441596,2.14061969251515,0.539358776187633,3.96882332692491,7.22E-05,0.002959192368421
"Gene459",189.27449392292,-2.72048339541437,0.538752251244725,-5.04960005109771,4.43E-07,0.000197282227211
"Gene462",95.6347569494673,1.578382427721,0.542100579368551,2.91160439186309,0.003595777308532,0.032225971306231
"Gene465",121.543709399696,-2.16608869715018,0.519504170520323,-4.16953091056165,3.05E-05,0.002028272090695
"Gene467",20.3671573312005,2.72576710664468,0.669815948614116,4.0694270004834,4.71E-05,0.002397648289691
"Gene474",5.92786711353075,1.92764117083688,0.680185173020023,2.8339946933541,0.00459700953639,0.03710978513154
"Gene475",224.820500840294,-1.82488820779698,0.489330073733774,-3.72936041693165,0.000191966409952,0.005281465175081
"Gene485",8.31010579827914,2.67070454529966,0.804986659540242,3.31770037881746,0.000907617877579,0.013737805041459
"Gene495",75.0921501037249,-1.69104548544634,0.459333126827881,-3.68152303127922,0.00023184484109,0.005875918786513
"Gene504",3.42879611184654,4.84697115527835,1.23766578406396,3.91621972400578,8.99E-05,0.003380194161173
"Gene505",12.0908907668819,-2.33058520942291,0.622003677580052,-3.74689940498457,0.000179033840653,0.005054691179898
"Gene514",62.5034226892127,-1.97822272019192,0.665679850016106,-2.97173291356806,0.002961241676704,0.028508490982966
"Gene517",26.7097705941292,1.88100596383615,0.634142906965512,2.9662177770577,0.003014869227045,0.028821091961702
"Gene520",10.0830683349617,1.81881581780847,0.653439741419366,2.78344842304471,0.005378441310119,0.041046395936748
"Gene523",15.0120955970492,1.77808171325117,0.582490597221459,3.05255006987718,0.002269058730055,0.024101561442632
"Gene527",32.5616030178369,-2.57673863170057,0.67839961970145,-3.79826072549177,0.000145715002447,0.004537148847623
"Gene538",77.5612027547915,1.63424004602752,0.515135388798396,3.17244763525089,0.001511598165178,0.019155112562916
"Gene574",21.070880357065,-1.94587641529022,0.725541562101004,-2.68196408990741,0.007319131594129,0.049115699576855
"Gene575",17.9207128758528,1.90013416388867,0.660391246939076,2.87728550718354,0.004011124980222,0.034346389371609
"Gene584",290.331843765627,-1.45727226901387,0.506530646505831,-2.8769676209455,0.004015167926173,0.034346389371609
"Gene594",61.7556733640818,-1.88171733769008,0.52376031435045,-3.59270698090924,0.000327260521995,0.00730837124733
"Gene595",701.534916426652,-1.8878204920071,0.469099845843487,-4.02434686076824,5.71E-05,0.002638316092285
"Gene600",7.86089445679927,2.33953654965613,0.719829805760881,3.25012458630158,0.001153544603939,0.015994057371159
"Gene609",38.9038418484404,-2.57810851740233,0.642419390233017,-4.01312375777949,5.99E-05,0.002676284265278
"Gene613",409.741602280069,-1.44997934371573,0.517431435080503,-2.80226373082674,0.005074537123367,0.039785831345652
"Gene628",24.3471382209204,-2.01660312721654,0.732219616432576,-2.75409601430997,0.005885449937272,0.043513998247209
"Gene646",14.4064551213306,-4.04826476891666,1.35484273508367,-2.98799607075183,0.002808131645933,0.027620052957922
"Gene657",35.5631943604491,1.67050495160441,0.494312757190287,3.37944940183153,0.000726311754574,0.012082714224083
"Gene663",36.2737560034399,1.75222429671506,0.517753034323145,3.38428590574217,0.000713636497742,0.011928237043543
"Gene667",1.70642733598773,3.79639917253288,1.16658464147807,3.25428523362251,0.001136780781906,0.015801832858694
"Gene669",21.5501197793227,1.67529297165286,0.556619619377852,3.00976270567929,0.002614518667414,0.026431377029197
"Gene678",76.7211653767452,1.76736561864155,0.482809688387409,3.66058441069104,0.000251640634248,0.006176530702769
"Gene697",2.6910697899992,3.44708792818228,1.00568704064424,3.42759505578801,0.000608953070348,0.010718466034264
"Gene719",15.1249548715104,-3.52768765539033,0.684671224520785,-5.15238194486622,2.57E-07,0.000140147478198
"Gene728",137.101602775155,-2.20230997497994,0.664230749565286,-3.31557967832906,0.000914532661479,0.013740872946117
"Gene747",112.968182404931,-1.67467777721563,0.542323088888961,-3.08797064245686,0.002015283785351,0.022601464533013
"Gene757",37.427980765136,2.08722739074591,0.653456748988665,3.19413242571334,0.001402517651233,0.018271533970113
"Gene775",29.730745904703,2.08885668542122,0.638470229134598,3.27165870874281,0.001069185591693,0.015251288715019
"Gene785",4.72140956330373,-2.82105320557913,0.984527060577662,-2.86538919907789,0.004164969988549,0.035077158373422
"Gene790",7.82967633407338,2.25470910856503,0.773361496053549,2.91546594971533,0.003551578595391,0.032069403790768
"Gene810",138.855061708915,-1.50219916801264,0.554771757240853,-2.70777873676158,0.00677351644713,0.046720115342294
"Gene813",651.973079402561,-2.46004623819144,0.51779415342412,-4.75101200336737,2.02E-06,0.000441153472044
"Gene822",4.98234517278566,2.32832450432563,0.854291958494971,2.72544354558539,0.006421515703702,0.045544260490723
"Gene823",25.4104578962926,-2.12166587516665,0.525661226828653,-4.03618484088467,5.43E-05,0.002570005828894
"Gene835",23.6212411176926,-1.4853192143077,0.505512631605098,-2.93824352042704,0.003300776421876,0.03069100829019
"Gene836",7.81214160221667,3.16775531189418,0.817130490620851,3.87668230258712,0.000105890477097,0.003746735127949
"Gene862",132.64101710769,-1.73718584886714,0.487805600689456,-3.5612257145302,0.000369127585124,0.007869761964263
"Gene869",13.516029743081,2.76006973678902,0.689422970419626,4.00344905118127,6.24E-05,0.002699661635152
"Gene876",7.93961755636701,1.91226615862441,0.675061865357135,2.83272727546644,0.004615274393448,0.037202115635944
"Gene886",12.1527059454631,1.95788180473268,0.581680991334353,3.36590301883749,0.000762935265729,0.012409654516296
"Gene891",24.3942064835899,2.13745436719116,0.586889992628099,3.6420017278189,0.000270526256984,0.006531815277606
"Gene892",36.3317036861744,2.08926410652845,0.66518305098313,3.14088596130125,0.00168437604828,0.020260850081845
"Gene901",35.1274613074,2.3046571138623,0.566903412901011,4.06534351604746,4.80E-05,0.002397648289691
"Gene917",49.5296230197331,1.69995014187482,0.542967330488811,3.130851611909,0.001743002067323,0.0207371577835
"Gene919",13.0758221856498,2.74112090736338,0.673652905705719,4.06904042741682,4.72E-05,0.002397648289691
"Gene925",14.9962542176911,1.65224885776027,0.592485078002076,2.7886758993692,0.005292399867943,0.040617305465386
"Gene928",23.8341293324358,1.75450062819045,0.590048056716292,2.97348768158736,0.002944362248632,0.028446506902124
"Gene930",5.01320629431419,2.53931400437727,0.887941187423259,2.85977724689872,0.004239386709005,0.035321740332365
"Gene949",13.4716198281721,1.62641296236868,0.58468352315264,2.78169795789522,0.005407534076327,0.041074810253909
"Gene963",12.2090161315341,2.08268408130725,0.654097136187422,3.1840593179275,0.001452252493236,0.018532374322347
"Gene975",28.5105704115634,-1.74296424388988,0.605080181111886,-2.88055087292238,0.003969808809499,0.034119066566186
"Gene977",11.8722287954632,3.20125577798245,0.681317347125946,4.69862655264328,2.62E-06,0.000509708944615
"Gene993",176.721376155429,-1.45141799649257,0.465671629307765,-3.11682719140556,0.00182808696286,0.021514569893356
"Gene995",3.81552253459897,3.25592098992939,0.93384814128793,3.48656365631241,0.000489268928132,0.009289290555363
"Gene1013",25.5779890147437,-2.49877899794613,0.902035643853859,-2.77015549770332,0.00560295366394,0.042111026916976
"Gene1022",49.8184471363887,2.03544984647094,0.561635445039891,3.62414777138286,0.000289915821525,0.006803167245035
"Gene1025",838.873096432521,-2.21915070281935,0.589324784862863,-3.76558183164781,0.000166161690105,0.00490543264977
"Gene1027",347.620929158198,-2.30996804487274,0.671222491816935,-3.4414342085288,0.000578639168109,0.010405956524832
"Gene1034",28.69078074682,1.77162508146666,0.555854648987404,3.18720925460282,0.001436528038059,0.018463807828809
"Gene1040",5.36362878403644,2.33097851897931,0.821248823416468,2.83833407429704,0.004534969064476,0.036717751013864
"Gene1042",217.25921451958,1.86180710829166,0.549522527406798,3.38804510358756,0.000703926876524,0.011875224613551
"Gene1056",98.4504488335774,2.78908822789378,0.839995402073642,3.32036130317921,0.000899010173835,0.013645421830723
"Gene1063",16.0746328625186,-3.19463107886269,0.768582823783675,-4.15652156150949,3.23E-05,0.002096111518372
"Gene1069",126.372870910716,-1.83971010204402,0.564383324344468,-3.25968189117006,0.001115372359567,0.015653938052509
"Gene1070",18.7659235385787,-1.69323201128043,0.526811415457666,-3.21411412432937,0.001308476555011,0.017347661187968
"Gene1085",63.3889829054176,-2.20333168603979,0.532221467872428,-4.13987751160749,3.47E-05,0.002151682016228
"Gene1096",12.6979382822399,2.0366996688416,0.635861283636569,3.20305658050678,0.001359772627603,0.017888755256644
"Gene1103",331.299163026679,-1.21526379112413,0.449653769001749,-2.70266563943648,0.006878590210959,0.047205841384783
"Gene1106",210.192043702164,1.76139159375371,0.624243437654955,2.82164214712547,0.004777845820274,0.038117835834073
"Gene1113",13.4836199606273,-2.48543455889626,0.772399743490155,-3.2178086280371,0.001291739724952,0.017209510418741
"Gene1123",98.9989990188728,-1.90506254488445,0.588484484087386,-3.23723495928495,0.001206939944387,0.016482746258056
"Gene1126",10.1540880557477,3.08052390269685,0.746422061133445,4.12705366454343,3.67E-05,0.002175618587854
"Gene1151",52.6563626953192,1.4793100759864,0.540784493649196,2.73548907810589,0.006228765332257,0.044954360656249
"Gene1156",7.27589088291687,-3.36919677761734,0.865389881724437,-3.893270361451,9.89E-05,0.003592773544753
"Gene1159",34.7636048020939,2.3094334306522,0.728491280747511,3.17015933022901,0.001523553700655,0.01917939310411
"Gene1161",11.5758719316945,2.21340081128004,0.599948515649656,3.68931792236081,0.000224856087238,0.005779437827174
"Gene1166",43.6297745495441,1.28211583825453,0.457330080701755,2.80348022655141,0.005055433212846,0.039693163655331
"Gene1183",155.121846119159,-1.20115554557239,0.440927001671209,-2.72415964778693,0.006446533642084,0.045619690669761
"Gene1187",33.1501082967683,-1.95238640504566,0.577807810657425,-3.37895467841505,0.000727620022923,0.012082714224083
"Gene1197",11.9821204021152,-2.52598903815022,0.804446086112524,-3.14003521399057,0.001689275276642,0.020275024190355
"Gene1209",2.51389176098668,3.39575311189695,1.12796475868886,3.01051348079718,0.002608063704171,0.026415128483325
"Gene1211",115.084309213599,-2.32879194357678,0.666061727690229,-3.49636054251694,0.000471650956751,0.00908136418139
"Gene1216",29.3442433034146,1.45997279117036,0.484010820651931,3.01640527210502,0.002557911273259,0.026150203617239
"Gene1222",3.95871545945523,2.99485224510969,0.965984644017462,3.10031040726932,0.001933179313168,0.022212991677506
"Gene1241",496.373167232486,-1.77170601898096,0.615368375633504,-2.87909825908267,0.003988140556834,0.03422264235305
"Gene1262",5.43845761556583,4.50974287281834,0.991596725957209,4.54796063234779,5.42E-06,0.000758399715904
"Gene1264",24.6453833458306,1.8501071619971,0.567481416850105,3.26020748356204,0.001113307390869,0.015653938052509
"Gene1291",11.7967676468547,1.75517543142197,0.616398386911262,2.84746921583791,0.004406835607465,0.036062878543676
"Gene1297",3.34624412703789,-4.27898751323486,1.22615628384746,-3.48975703146759,0.000483459885494,0.009230881380403
"Gene1317",106.057083108776,1.74560191754149,0.602324141480393,2.8981104978644,0.003754182975827,0.032869092855253
"Gene1320",12.6557598094091,1.85893665631389,0.634247127064054,2.93093429515236,0.003379442507333,0.031105713213612
"Gene1328",2.79680912401193,-3.31643918126751,1.06617571802146,-3.11059342771561,0.001867118202161,0.021739160434988
"Gene1339",2.61648158215612,3.36999684922305,1.03900438766606,3.2434866389671,0.001180763484763,0.016260497110038
"Gene1342",294.181271761403,-2.40186104281232,0.582547848021301,-4.12302792117514,3.74E-05,0.002175618587854
"Gene1350",12.8677338317467,1.53279724466691,0.558778617342669,2.74312079434302,0.006085829372572,0.044274611817281
"Gene1353",19.4155739371424,2.50974434352639,0.709127242308575,3.53920170286489,0.000401339069405,0.008190623929551
"Gene1374",51.8970086951449,1.66338854107267,0.549876433234521,3.02502242419842,0.002486146937657,0.025625378141084
"Gene1377",88.8852972364145,-1.73066171967742,0.533965672729361,-3.24114790157044,0.001190493998202,0.016340054902273
"Gene1378",70.4828203360611,-1.33206800690857,0.488342513647777,-2.72773303507493,0.006377119572013,0.045395465173421
"Gene1391",14.2485946871361,1.79485049240262,0.613227101883223,2.92689362047214,0.003423659637481,0.031248779505251
"Gene1392",16.1979735119248,-2.31208317995011,0.614536865930945,-3.76231810999264,0.000168345734173,0.00490543264977
"Gene1412",52.5802893905884,1.86908279531455,0.599864560154824,3.11584134063887,0.001834209302773,0.021540100195716
"Gene1417",45.3456883255461,1.79056644927421,0.630254070215128,2.84102322205238,0.0044969037698,0.036518075471889
"Gene1419",7.9232093667249,2.6857443367895,0.683557792792191,3.92906695689738,8.53E-05,0.003249436647675
"Gene1421",47.1728831465292,-1.7777035384655,0.641048556708248,-2.77311838528102,0.005552191816967,0.041844942200077
"Gene1433",20.9203551385583,-1.61864336297101,0.52143315275297,-3.10422027142919,0.001907812368554,0.022024723720876
"Gene1442",154.610028173751,-1.32383894731319,0.48633410712659,-2.72207712334805,0.006487300076016,0.045693227602648
"Gene1477",2.97341865502759,2.60649909483734,0.914498631954566,2.85019463535604,0.00436924828495,0.035909553400743
"Gene1491",17.1260616706352,1.93594280187222,0.554841214041573,3.48918348687623,0.000484498453807,0.009230881380403
"Gene1508",2.76909613561469,3.50215757528237,1.14548280159868,3.05736373378511,0.002232931399546,0.023810652047211
"Gene1514",8.06243579799131,1.99957023349916,0.648082999027436,3.08536134492013,0.002033049916658,0.022653731080758
"Gene1517",52.0799380700942,2.83343908338016,0.609576391436002,4.64821000810959,3.35E-06,0.00056069199199
"Gene1526",387.89331814673,1.59350447270716,0.477323557725382,3.33841572852759,0.000842575837609,0.013117702111803
"Gene1532",116.409372877846,-2.25508473454473,0.633824643412346,-3.55790005640037,0.000373831489702,0.007895379020876
"Gene1534",160.837433208396,-2.02451911361416,0.685200295077416,-2.95463841472138,0.003130356975578,0.029716576933666
"Gene1540",9.72454207265365,1.74444082678261,0.588478286018075,2.96432488373756,0.003033478398982,0.028948202795187
"Gene1552",44.0220552349473,-1.41848348274566,0.522878215399025,-2.71283721710068,0.006670986785644,0.046545966365374
"Gene1556",104.532870596835,1.77084958054863,0.603584126030001,2.93389024690919,0.00334742552334,0.030967948517282
"Gene1568",152.447984410161,-1.19948185430888,0.406620904023229,-2.94987749631376,0.003178999507365,0.030021435555684
"Gene1569",164.585287126004,-2.75651994255855,0.643451493165421,-4.28395919791563,1.84E-05,0.001431732920413
"Gene1572",2.54179583730479,4.050603884871,1.22665841065057,3.3021449571464,0.000959484709071,0.014130357242514
"Gene1576",8.19480075864419,2.60695027819045,0.684587184708394,3.80806175812494,0.000140060297963,0.004515908660368
"Gene1584",2.79046435825102,2.70423593295003,0.989063491447886,2.73413785498372,0.006254385305947,0.045020007307932
"Gene1585",34.5231849012964,-2.17581851917551,0.567685518231512,-3.83278848816463,0.000126698883542,0.004184134644958
"Gene1600",14.5969182401838,2.75087544643817,0.635736769688828,4.32706676347292,1.51E-05,0.001334039459904
"Gene1602",8.22228353597123,-2.02026402201072,0.733090252916009,-2.75581896495654,0.005854539074448,0.043344270946557
"Gene1603",15.0332442641009,2.2408739504364,0.719907213637852,3.11272606800641,0.001853679844044,0.021639417685266
"Gene1608",120.952789715389,-1.84763054164363,0.422825329482434,-4.36972530454891,1.24E-05,0.001255317693954
"Gene1612",11.8721992469041,2.16177142448222,0.609293491717845,3.54799690767631,0.000388172778774,0.008042277369974
"Gene1615",173.060002648333,-2.87271528059238,0.589632349552565,-4.87204489843935,1.10E-06,0.000300918463399
"Gene1619",4.32350234754585,-3.03857776157566,1.06422478161286,-2.85520297410347,0.004300933212388,0.035670905744752
"Gene1628",24.8884833006278,-1.73547217219027,0.60241720126318,-2.88084763939549,0.003966073091201,0.034119066566186
"Gene1632",8.13050462922933,3.04455574693062,0.812354053735538,3.74781874101631,0.000178379082406,0.005054691179898
"Gene1637",51.3463716605211,-1.64394402362945,0.534013173098075,-3.078470918783,0.002080658361002,0.022795716298985
"Gene1643",24.2627791563097,-1.8000864981001,0.595104189864567,-3.02482578472479,0.002487763816596,0.025625378141084
"Gene1644",7.35886369040884,2.96672351392493,0.848127557703477,3.4979685390227,0.000468816432185,0.00908136418139
"Gene1647",56.7348118717929,-1.67365967786022,0.549748328613937,-3.04441067075177,0.002331366547249,0.024573938102269
"Gene1650",79.6166071629918,-1.5315474077241,0.539195684037212,-2.84042964931893,0.004505280898064,0.03653166013921
"Gene1651",9.82378876295287,-2.22824896494582,0.725214346821518,-3.07253844978637,0.002122464879911,0.023046553723368
"Gene1653",13.4586796128489,-1.86288516312791,0.594491290225903,-3.13357856331254,0.001726886829678,0.020590385853203
"Gene1664",201.108809149343,1.62611495801111,0.570096091167282,2.85235240726105,0.004339695998199,0.035785526052793
"Gene1666",4.33096750364767,2.09309564593491,0.714583001402227,2.92911480097851,0.003399288489611,0.031130626856955
"Gene1672",25.840500804566,-1.78699899551723,0.564797330985709,-3.16396501449197,0.001556355029115,0.019500550697682
"Gene1673",28.3729892779686,-1.88445370941516,0.571707839336468,-3.29618308470684,0.000980081217056,0.014356082128329
"Gene1684",116.26014496044,-2.58661031642408,0.8181972123751,-3.16135312770812,0.001570379912703,0.019521909616741
"Gene1699",41.5761273689688,1.94995663582566,0.514665242917883,3.78878632792536,0.000151385046025,0.004625627730345
"Gene1711",5.8879589740277,2.42711755919837,0.652579239936995,3.71926872732375,0.00019980039478,0.005349804671549
"Gene1734",3.46879878393162,3.84583262520817,1.01530561304835,3.78785714939706,0.000151952168055,0.004625627730345
"Gene1737",13.9753161571276,2.07918130903686,0.65929621843662,3.1536375469697,0.001612492198795,0.019784514520056
"Gene1739",7.66665667640601,2.3520988603207,0.733484333428251,3.20674723797735,0.001342448924544,0.017754864538448
"Gene1755",28.0321218377465,-1.95830865775021,0.632001917996822,-3.09858024475181,0.001944503033615,0.022212991677506
"Gene1761",277.502479243314,1.39458868992319,0.50779762377916,2.74634741207393,0.006026291146672,0.044076859675457
"Gene1768",32.7408775276077,-1.54720225690604,0.42892659813011,-3.60714925036361,0.00030957960491,0.007087812046869
"Gene1772",13.5066942804534,3.10790923628304,0.712594183858746,4.36140135112176,1.29E-05,0.001257474104802
"Gene1779",50.6287888447931,-1.39716783393535,0.515652669389765,-2.70951343195564,0.006738197674222,0.046642531575153
"Gene1784",5.77933965990656,-2.97572607992012,0.826882132699306,-3.59873065609248,0.000319774162585,0.007230080547404
"Gene1788",18.1285246992257,2.75721740432435,0.618566166004298,4.45743326398683,8.29E-06,0.000982559508931
"Gene1795",30.9671703842129,-1.52556059730788,0.559392584546511,-2.72717343678165,0.006387945319757,0.045395465173421
"Gene1797",268.669606598468,1.75228515046672,0.522422860661922,3.35415098077166,0.000796089123964,0.012721083977951
"Gene1802",12.6600604819689,2.07962046769894,0.572458387917739,3.63278888315945,0.000280374406237,0.006655435358581
"Gene1804",28.1792677697894,2.04160664758285,0.60746256141161,3.36087650050171,0.000776955575967,0.012563050045523
"Gene1805",218.475077295932,-1.5145899502992,0.481147162449318,-3.14787256063001,0.001644633773953,0.01996267128498
"Gene1806",4.19412706488849,2.30945472802985,0.713830691264834,3.2352976080893,0.00121516000313,0.016494569894429
"Gene1810",399.516751288057,-1.53550063935947,0.538882079361161,-2.84941863566847,0.004379920696092,0.035943054025607
"Gene1812",13.4468322850306,1.9894768396388,0.692672705419732,2.87217443977853,0.004076578737049,0.034556785695791
"Gene1819",20.4799035671609,-1.94628619294575,0.703087290379633,-2.76819993701614,0.005636686418899,0.042305761397518
"Gene1822",90.179655132135,1.82700342544001,0.510121174727707,3.5815087001931,0.000341615759548,0.007463960837227
"Gene1839",60.9150086002566,2.28597371380773,0.656052972380467,3.48443465702648,0.0004931778668,0.00933099373678
"Gene1844",48.717805226598,1.74332762040777,0.60720056800133,2.87109023324226,0.004090587408955,0.034611196881049
"Gene1848",73.413865195353,-1.65699432756636,0.460704007928991,-3.59665707058871,0.000322332978799,0.007257819840808
"Gene1856",68.1318168217271,1.89341005371798,0.558845442834135,3.38807460630924,0.000703851161875,0.011875224613551
"Gene1872",1943.41193224436,-2.61141250275822,0.669922452330009,-3.8980817759961,9.70E-05,0.003592773544753
"Gene1884",34.294860472073,1.86875220716803,0.546491614298383,3.41954415817934,0.000627261508273,0.010919961529001
"Gene1888",13.301576692569,-2.26649440833645,0.637937531953536,-3.5528469400379,0.00038108612858,0.007956085496679
"Gene1890",43.9803440288793,-2.91282743548837,0.690224394221571,-4.22011661696401,2.44E-05,0.001727941418695
"Gene1923",6.15660260499253,-2.21741445484737,0.829946079300093,-2.67175725044373,0.0075455211462,0.049536800874272
"Gene1935",112.011138151485,-3.21166356016756,0.959703328386288,-3.34651705914981,0.000818336440995,0.012813549617767
"Gene1948",57.371413529596,-1.48749934428326,0.421910182128365,-3.5256303528382,0.000422476204837,0.0083711739642
"Gene1949",31.6638718157041,-1.75611641573115,0.579380990902384,-3.03102180310749,0.002437276475629,0.025300973081965
"Gene1950",3.14127553004693,-4.18837038775683,1.19086561769464,-3.51708062229975,0.000436321232835,0.008583084468287
"Gene1958",68.5556372714008,-1.54625649673517,0.572118903694332,-2.70268380707324,0.006878214289436,0.047205841384783
"Gene1966",34.8459759967211,-2.22367503717455,0.672606147931218,-3.30605815009878,0.000946184491842,0.014027053739813
"Gene1974",16.0283787540307,1.87358565729244,0.573324250904973,3.26793372918561,0.001083357294786,0.015333023115034
"Gene1976",101.142939018415,-1.62430345622934,0.573867283169361,-2.83045140203605,0.004648237213243,0.037412473522839
"Gene1979",16.2775671364517,1.92875054153721,0.644755778807068,2.99144358985941,0.002776618323245,0.027458789915359
"Gene2016",8.30492256718983,2.20106542814738,0.751268518767553,2.92979856491019,0.003391817979421,0.031114505336469
"Gene2018",70.2825127188722,-1.21128959235023,0.414005152690254,-2.9257838567446,0.003435895635233,0.031308018923716
"Gene2027",9.81742963829941,2.19266772949771,0.789356510457685,2.77779140407211,0.005472974068217,0.041419771802378
"Gene2028",54.6540387300776,1.69841526256785,0.505473153830624,3.3600503799198,0.000779282605136,0.012563050045523
"Gene2033",26.4502446351591,-2.04460981338937,0.519157030288668,-3.93832635234181,8.21E-05,0.003168689901707
"Gene2038",65.1916154457033,-3.23543526039552,1.17069900813021,-2.76367814265345,0.00571538846108,0.042661851677296
"Gene2041",14.0959795937689,2.31809065561058,0.687477402559072,3.37187905665219,0.000746572249339,0.012253229477854
"Gene2058",25.2752677725459,-2.11295209381641,0.446622491099978,-4.7309576564594,2.23E-06,0.000450981710011
"Gene2070",21.9378694638356,-2.24129511656668,0.653574683501792,-3.42928692488214,0.000605169397134,0.010718466034264
"Gene2076",9.04942159118874,-1.77578784733355,0.634083111432967,-2.80056007692815,0.00510140108638,0.039890131934906
"Gene2080",2.3753093845886,3.29083154997237,1.10653455410417,2.9739979992189,0.002939469917858,0.028446506902124
"Gene2082",4.66665315229344,3.06856887764715,0.970787476979807,3.16090694452889,0.001572787359469,0.019521909616741
"Gene2083",9.96541282300787,1.99153592705966,0.679250740412168,2.93195989135205,0.003368302450563,0.031105713213612
"Gene2091",71.7790141601094,1.95843562617968,0.584257195581574,3.35200942494211,0.000802272874983,0.012775701055758
"Gene2095",65.6185914981734,-2.03541225617895,0.702401525341149,-2.89779019940249,0.003758018874807,0.032869092855253
"Gene2096",163.433375045712,1.70099159635051,0.507832388612843,3.34951380512931,0.000809535214326,0.012775701055758
"Gene2101",10.262598290549,1.79869993031397,0.643426528844843,2.79550166130578,0.005181923546316,0.040067926762736
"Gene2102",73.1335167476591,1.64989555397473,0.546507736210417,3.01897932024787,0.002536278432196,0.026075813541576
"Gene2103",25.6335073254592,-2.87728662671918,0.644691380235273,-4.46304497769018,8.08E-06,0.000978435557176
"Gene2106",20.7085003480702,1.85844670339975,0.590042024925091,3.1496853188308,0.001634464098529,0.019924373317416
"Gene2109",102.454603553461,-1.72672183370391,0.569056292641264,-3.03436031906327,0.002410463482701,0.02511398760466
"Gene2120",61.310200761519,1.95995944401862,0.551397692850026,3.55452964245845,0.000378655825079,0.007935752272513
"Gene2121",7.48097935515573,3.35405110233437,0.778891602444374,4.30618470119391,1.66E-05,0.001371285343204
"Gene2126",27.3528853653434,-1.93621933462779,0.599435668852714,-3.23007027315143,0.001237597948871,0.016651040057774
"Gene2130",214.501967666038,1.4375478630567,0.497941544792931,2.88698116895328,0.0038895750895,0.033802702811301
"Gene2147",7.66887030421846,-1.88318386096703,0.684188351337441,-2.75243484821952,0.005915391549774,0.043676109152735
"Gene2151",6.83971656527617,2.87381368118398,0.84325185817426,3.40801345805051,0.000654376672199,0.011283855970928
"Gene2155",22.729488655244,-2.60323118802491,0.699868806912973,-3.71959881953792,0.000199539467371,0.005349804671549
"Gene2156",18.4455795826782,-2.03632203969719,0.556127160814751,-3.66161227715238,0.000250632975884,0.006176530702769
"Gene2160",8.46967890639358,2.22104280172446,0.648613851312107,3.42429135182887,0.000616404974885,0.010799970122665
"Gene2171",54.9143098093124,-1.95470691452957,0.505515129637414,-3.86676243682677,0.000110289769113,0.003868657655694
"Gene2175",6.54101654046519,1.76705469229331,0.660115751845643,2.67688611785544,0.007430988798995,0.049253250838209
"Gene2180",26.5261783158342,1.67247694615859,0.626320991979209,2.67031916154283,0.007577917859815,0.049689620238425
"Gene2181",43.2634488863995,-2.11200443156443,0.737686205104499,-2.86301196491163,0.004196347167149,0.035185347737994
"Gene2186",34.4693717933702,-1.69022861246792,0.546919140120814,-3.09045430755001,0.001998505515404,0.022593063388869
"Gene2207",6.20177618845303,2.79792312636437,0.815981024950762,3.4289070956438,0.000606016932542,0.010718466034264
"Gene2213",455.110822565303,2.82574063728261,0.610591292781855,4.62787575041977,3.69E-06,0.000592074780054
"Gene2214",51.171259752316,1.58244909934869,0.561316023481723,2.81917677947816,0.004814699366962,0.038355697149967
"Gene2221",21.0362833898853,2.50740262170284,0.635507994656864,3.94550917185028,7.96E-05,0.003156779873728
"Gene2241",22.2649969395205,-1.70935412700991,0.610612038197757,-2.79941111553439,0.005119590923379,0.039966548626782
"Gene2243",4.23145558114157,2.72425729599235,0.771355553222478,3.53177893723753,0.000412774267359,0.008302272860396
"Gene2255",30.7484096748917,2.09662460753737,0.513950254916603,4.07943101006455,4.51E-05,0.00238835834105
"Gene2262",60.7994969756318,2.3038952864344,0.681991673832785,3.37818682372841,0.000729654907805,0.012082714224083
"Gene2266",57.1050172773067,-1.37082023800975,0.460485432626012,-2.9769025052375,0.002911765887146,0.028282018394044
"Gene2267",225.185116290855,-2.13456558288022,0.567808837297087,-3.7593032067646,0.000170387241116,0.004938511047038
"Gene2268",26.5683207801767,-2.65992090776857,0.592639651299695,-4.48826011208532,7.18E-06,0.000909947791067
"Gene2274",1.0550679551118,3.8212016783677,1.41730662612951,2.69610090570376,0.007015641076355,0.047606759931583
"Gene2287",39.151504154817,2.40867143129605,0.593144858481962,4.06084853784381,4.89E-05,0.002418834405732
"Gene2288",39.3098062308606,-1.98157120634335,0.536869703072751,-3.69097230669175,0.00022339846163,0.005779437827174
"Gene2293",58.1654573250067,1.823458398779,0.590147644941527,3.08983423793832,0.00200268231255,0.022593407704105
"Gene2295",29.1649984735298,1.7444470492922,0.531681837231692,3.28099800883741,0.001034404744791,0.014911300143822
"Gene2299",12.5819206413526,2.14633370423248,0.708134329025436,3.03096971331182,0.002437696984407,0.025300973081965
"Gene2304",55.693392366805,-1.82522767550246,0.55819963753037,-3.26984747531864,0.001076054879409,0.015270859690787
"Gene2310",3.88771169891602,2.49312329985768,0.773496905528853,3.22318458165401,0.001267738328934,0.016972742394014
"Gene2311",3.61521650570029,3.13377519182663,1.02269900085591,3.06422044922694,0.002182380298107,0.023409035914144
"Gene2315",25.1849043708554,1.46691258391888,0.538984485272541,2.72162302255719,0.006496220058405,0.045693227602648
"Gene2323",11.2562728882946,1.44356341395294,0.532609021882415,2.7103623007566,0.006720974912605,0.046593628878859
"Gene2325",49.645606479448,-1.54830553357716,0.526267974019497,-2.94204779696475,0.003260495976389,0.030508535331277
"Gene2330",29.9878913520532,2.40887563993094,0.610439488189315,3.94613337855345,7.94E-05,0.003156779873728
"Gene2348",31.272545059952,1.94806628821379,0.703843536288477,2.76775474629827,0.005644391362818,0.042305761397518
"Gene2350",77.5856394969902,1.94640861933688,0.541459069566802,3.59474746797412,0.000324706378735,0.007281173077073
"Gene2359",4.75203898696338,4.05545929092021,0.92693477033133,4.37512910371309,1.21E-05,0.001247724655271
"Gene2360",14.9675245675475,1.81725443079402,0.590550544215956,3.0772208214738,0.002089404551847,0.022815962731488
"Gene2361",8.97422242076711,-2.33203238100645,0.708353958471991,-3.29218514715008,0.000994121416583,0.014471485489706
"Gene2368",20.9290513323668,1.97524131121774,0.617597726791893,3.19826519031752,0.001382570753019,0.018066254276261
"Gene2369",98.5546736025598,2.36523714522422,0.575261350596683,4.11158709475425,3.93E-05,0.002205931414963
"Gene2375",58.861688067613,1.77916366131148,0.540353362345851,3.29259293138761,0.000992680853413,0.014471485489706
"Gene2379",65.9287555408667,-2.22998106303498,0.525968306532604,-4.23976318599104,2.24E-05,0.0016476282276
"Gene2390",34.172203592804,2.06246310467318,0.554008063339439,3.72280340513657,0.000197022931383,0.005341183846304
"Gene2396",224.425658649217,-2.47403784194664,0.572356522260239,-4.32254677936865,1.54E-05,0.001334039459904
"Gene2402",12.7962914335035,2.02772144509969,0.660354705125991,3.07065495158821,0.002135898262122,0.023046553723368
"Gene2428",142.919790592437,-1.81404591385924,0.580843266783588,-3.12312463206209,0.001789419564717,0.021196841756828
"Gene2445",23.4656509301297,2.20110850483976,0.749137931014454,2.93818856810401,0.003301361574741,0.03069100829019
"Gene2452",2.91693937168134,-4.07165104419742,1.24522209167587,-3.26981915227479,0.001076162620896,0.015270859690787
"Gene2457",15.8261896804649,1.75137719454917,0.634758278855757,2.75912461938469,0.005795642904867,0.043027291820692
"Gene2477",6.68622074623344,2.91946675964874,0.70935688605199,4.11565294854241,3.86E-05,0.002205931414963
"Gene2480",140.698906365222,1.94016000673784,0.513094646766574,3.78129068187393,0.00015601737244,0.004696898687447
"Gene2482",16.2087288730863,-2.33207337325856,0.738406635851638,-3.15825083366006,0.001587189259756,0.019655896082754
"Gene2484",25.5620038528479,-1.73765842716615,0.581288277466113,-2.98932301669794,0.002795963742792,0.027600011656658
"Gene2494",10.0999962647545,3.04976199401804,0.653190599420253,4.6690230948285,3.03E-06,0.00053195486411
"Gene2499",33.1997015032223,1.46951199632873,0.502906734392506,2.92203682279947,0.00347750424387,0.031581534374748
"Gene2501",13.1383773924982,1.98900231661612,0.630877093334515,3.15275722899242,0.001617362546016,0.019784514520056
"Gene2502",28.8301404809476,2.88497196446647,1.07704970279478,2.67858758697989,0.007393339308784,0.049253250838209
"Gene2517",17.2226433636756,-1.82518097661914,0.654276422786479,-2.78961752716983,0.005277033990753,0.04060199432879
"Gene2522",89.0008181401006,-1.47713458062652,0.544949771795533,-2.71058849287993,0.006716392365573,0.046593628878859
"Gene2524",52.4770415950665,1.46213578817066,0.503010913941237,2.90676752262571,0.003651844868656,0.0324086363018
"Gene2526",12.0422595717271,-1.99267881450461,0.707726849513533,-2.81560437600228,0.004868557929249,0.038559261855348
"Gene2527",11.1646646584157,-1.74319668892404,0.609206965883822,-2.86141949541739,0.004217485987893,0.035247056975503
"Gene2539",43.579764795163,1.42040545931081,0.473968724117837,2.99683372980887,0.002727994589499,0.027274940400332
"Gene2543",5.07975913353138,3.6367382588946,0.920196300470812,3.95213310141965,7.75E-05,0.00312641964247
"Gene2566",9.66322866672855,2.36904855156959,0.767469575724916,3.08683057479106,0.002023028655794,0.022630063142784
"Gene2569",21.1259874152889,1.46882068014835,0.516303125620878,2.84488047284631,0.004442809113112,0.03629515270967
"Gene2571",20.9782194765309,-1.45042686498412,0.463802821441692,-3.12724890391049,0.001764504728579,0.020947246766943
"Gene2587",65.6506407412534,2.21754614478802,0.665504472973878,3.33212808454716,0.00086184580312,0.01323238543354
"Gene2588",217.369339553268,-2.51900668557228,0.587622884155099,-4.28677431307697,1.81E-05,0.001431732920413
"Gene2592",23.0108707868572,2.09237653657686,0.607626163062589,3.44352607535982,0.000574181222524,0.010359978415665
"Gene2595",123.029383403442,1.50495269221687,0.520979895453334,2.88869629202741,0.003868425015577,0.033672600495015
"Gene2597",21.5250250275489,3.30607678198825,0.752028779372504,4.39621045453453,1.10E-05,0.001195677304205
"Gene2606",41.6280476642329,2.01336135408778,0.547802775417778,3.67533982016119,0.00023753303479,0.005964596804464
"Gene2610",33.8959923779081,1.40797536790156,0.52593474183527,2.67709138778012,0.007426437557346,0.049253250838209
"Gene2619",11.3399373251123,1.82709283074972,0.5949118139524,3.07119944149555,0.0021320068923,0.023046553723368
"Gene2627",15.7529778652322,3.58207049512045,0.691975666574611,5.17658447854426,2.26E-07,0.00013682121213
"Gene2632",23.2353138743228,2.033471306982,0.611004973794371,3.32807652015341,0.000874478434165,0.013347431338275
"Gene2645",123.055552354566,1.8113617389319,0.60801144111111,2.97915732575973,0.002890423291247,0.028173929296276
"Gene2659",243.24757732178,2.09175899122448,0.552792467120157,3.78398606283794,0.000154336469723,0.004672107908451
"Gene2676",78.5940143785451,-3.11872094650373,0.637279288807996,-4.89380559085352,9.89E-07,0.000283884399418
"Gene2682",38.1612977466886,1.74321817012381,0.571928288406485,3.0479663367951,0.002303957353727,0.024377210913512
"Gene2692",4.2838717773997,3.62189150183117,0.897182044951408,4.03696387172721,5.41E-05,0.002570005828894
"Gene2694",132.787260118918,-2.4461896554842,0.645026563502722,-3.79238591694662,0.000149206801592,0.004593377750715
"Gene2710",43.2584446164927,1.90465458051994,0.51956777386272,3.66584433510917,0.000246523855299,0.006133828710162
"Gene2724",23.0332788489485,1.53027792119818,0.557729315626501,2.74376454370022,0.006073908636933,0.044274611817281
"Gene2728",4.73209850619628,1.96537416141429,0.675433355142933,2.90979731227278,0.003616632173943,0.0322756277074
"Gene2729",18.260437838816,1.9929175867367,0.58658595359266,3.39748603683857,0.000680080585551,0.011580497220829
"Gene2730",8.56523454055516,-3.39998575418369,0.9219684777869,-3.68774620401887,0.000226249143857,0.005787941713042
"Gene2731",243.17574055729,-1.30991575965929,0.414340437767835,-3.16144802741476,0.001569868305199,0.019521909616741
"Gene2738",180.808023430885,-1.42915702627295,0.506395747736129,-2.8222137185434,0.004769338223059,0.038112225601645
"Gene2758",16.9091339853869,1.97815768825647,0.663655987763198,2.98069741662951,0.002875928018812,0.028173929296276
"Gene2768",11.1269200903635,1.95677179421158,0.549650154183078,3.56003137508411,0.000370810487776,0.007869761964263
"Gene2775",5.9404892109545,2.45119812405338,0.817016134274262,3.00018325370126,0.002698172204428,0.027076133226383
"Gene2779",2.67077634918472,3.10281512049832,1.04694725846221,2.96367853816803,0.003039856625029,0.028958354457666
"Gene2782",19.7404495867647,-1.62262701250591,0.526534723446044,-3.08170941108348,0.002058156504767,0.022727925920204
"Gene2783",20.7882388949643,1.65505879731365,0.594482471832005,2.7840329626764,0.005368757773343,0.041046395936748
"Gene2785",78.2406763476684,1.95606479517731,0.570425176306703,3.42913475145351,0.000605508818159,0.010718466034264
"Gene2790",96.0531525402078,-1.79449252607659,0.518811119988461,-3.4588551727968,0.000542476514055,0.010020184830794
"Gene2810",23.9780386690766,2.40125550748865,0.579699488420591,4.14224189507386,3.44E-05,0.002151682016228
"Gene2812",2.71769513405277,3.4019257539019,1.22268232990823,2.78234637950254,0.005396740769484,0.041071006219161
"Gene2832",13.1562430611614,1.725790819705,0.637799998881658,2.70584951823623,0.006812991091806,0.046873722802084
"Gene2841",430.938872473541,-1.49612715831052,0.452477106310433,-3.30652565056864,0.00094460701596,0.014027053739813
"Gene2842",29.5618284180712,3.11776523959465,0.705298400178766,4.42049101317175,9.85E-06,0.001117917763238
"Gene2857",15.7397001056314,1.62835114123183,0.573073791319115,2.84143362669517,0.004491119958707,0.036518075471889
"Gene2860",36.8914550675729,1.54893019698749,0.524232490413495,2.95466272181214,0.003130110379412,0.029716576933666
"Gene2868",32.1314874593333,-2.31575227821855,0.62312279157185,-3.71636587449638,0.000202108852559,0.005365258293943
"Gene2873",32.2052616226545,-1.42450367686049,0.529214483678141,-2.69173221972294,0.007108199305597,0.04799575962354
"Gene2888",65.2145643839438,-2.35240918738283,0.570671946604792,-4.12217422177219,3.75E-05,0.002175618587854
"Gene2889",1.89678037509073,3.23999501100965,1.16159892693647,2.78925448007654,0.005282953565629,0.04060199432879
"Gene2890",2148.00274362743,-2.75837544406554,0.575194650687756,-4.79555128123562,1.62E-06,0.000368325291806
"Gene2895",57.8394025965637,-1.40847820656679,0.506205975247013,-2.78242113969417,0.005395497599568,0.041071006219161
"Gene2902",56.0183432074483,1.47142461331235,0.508538242714,2.89343945001964,0.003810477525124,0.033274506465384
"Gene2903",11.1960767800987,1.70243041253519,0.594642345583731,2.86294850203444,0.00419718774632,0.035185347737994
"Gene2904",122.272993728943,2.01292870830777,0.483978078653339,4.15913198777248,3.19E-05,0.002096111518372
"Gene2909",77.24274284687,1.71007268092115,0.552440600039582,3.09548697325762,0.001964900037687,0.02230570896949
"Gene2914",28.0605368581715,1.51200872643353,0.524008152190214,2.88546794570606,0.003908322591271,0.03380388857117
"Gene2918",99.2414834951965,1.47350931339622,0.543896676227676,2.7091713882425,0.00674514862933,0.046642531575153
"Gene2933",20.2814566829392,-1.9313776278613,0.692113106823881,-2.79055201934324,0.005261824408738,0.040554004530712
"Gene2945",18.0495999325508,2.6287684568277,0.667742514133875,3.93679959143751,8.26E-05,0.003168689901707
"Gene2962",124.748309328679,-1.56201101241582,0.463430051080109,-3.37054321094471,0.000750201394119,0.012275818007669
"Gene2974",30.1555723207728,-1.75453458565699,0.610140025055547,-2.87562610811717,0.004032270356858,0.034384727972648
"Gene2984",3.82757817727872,3.10158721741301,0.860965694387361,3.60245156994322,0.000315230143217,0.007162257827418
"Gene2991",10.9298241071454,-1.69551318854587,0.633079112764203,-2.67820111951376,0.007401875869659,0.049253250838209
"Gene2994",9.73098044139751,2.44799231674208,0.852341676311724,2.872078633225,0.004077814865552,0.034556785695791
"Gene2996",16.4783907079446,1.4365200469118,0.495664549346808,2.89816983846204,0.003753472702832,0.032869092855253
"Gene3001",89.5492840264866,-2.13772307587007,0.492012620795144,-4.34485414706494,1.39E-05,0.001309340510266
"Gene3005",48.021049350209,1.44418607718114,0.522935824090083,2.76168893132163,0.005750323597662,0.04286390326082
"Gene3007",49.2349744104006,1.80872040454194,0.471450168258137,3.83650389016638,0.000124798220122,0.004146496960023
"Gene3010",4.40132346140328,2.93700588841056,0.841411487554808,3.49057022854023,0.00048199091567,0.009230881380403
"Gene3013",45.3494702821294,-1.92622328254552,0.706279151166687,-2.72728322698417,0.006385820062711,0.045395465173421
"Gene3026",43.8725711369043,-1.49958393982477,0.45363286100019,-3.30572158401051,0.000947321669343,0.014027053739813
"Gene3027",10.5231841158405,1.78079630781409,0.570362612852041,3.12221780966568,0.001794940889271,0.021216123439561
"Gene3034",4.27851278831224,2.8067884120401,0.879633902969993,3.19085974581388,0.001418501225555,0.018316144971677
"Gene3041",40.8702343163495,-1.43117933314695,0.501466031070137,-2.85399058854055,0.004317381032139,0.035752901586813
"Gene3045",620.140806877087,-2.16351462229427,0.559664833675999,-3.86573265303063,0.000110756211101,0.003868657655694
"Gene3054",16.8607117537384,2.36320902938262,0.630330299690775,3.74915981437344,0.000177427996342,0.005054691179898
"Gene3057",30.8539332437927,1.52442728457717,0.556823784232829,2.73771941454956,0.006186683491299,0.044769240828802
"Gene3070",60.3820238411526,1.97720414484968,0.564747116158978,3.50104336662622,0.000463440423409,0.009051207409161
"Gene3077",10.1437894012667,1.98681722332753,0.720053933640471,2.75926167541716,0.00579321257966,0.043027291820692
"Gene3078",37.7549243121088,2.23199982971233,0.617406490306568,3.61512207071884,0.000300206131354,0.006960949828715
"Gene3080",552.397994905082,1.48276529129397,0.465229167169586,3.18717181967542,0.00143671398778,0.018463807828809
"Gene3090",143.923610875417,2.57988291315475,0.6143849608991,4.19913096404462,2.68E-05,0.001871810615341
"Gene3095",5.62144557222533,-2.53210488186179,0.925360931178528,-2.73634297337033,0.006212623742765,0.044897329939424
"Gene3100",3.33669389767327,4.12171418290063,1.05826206021423,3.89479537995176,9.83E-05,0.003592773544753
"Gene3105",297.404075554391,2.08510230528553,0.541536688379859,3.85034356863913,0.000117952247311,0.00401701122249
"Gene3111",39.2580818815475,-1.9349464995517,0.601477497529542,-3.21698901039379,0.001295435607116,0.01721665517847
"Gene3113",48.0979080294481,-2.25109218316885,0.630043291389417,-3.57291667720893,0.00035302711685,0.0076033389712
"Gene3114",55.7927839222047,1.61591324526306,0.549299430274432,2.94177120201225,0.003263409453033,0.030508535331277
"Gene3125",3.06399109248444,2.93538771471812,0.945425268760094,3.10483314939087,0.00190386388511,0.022024723720876
"Gene3143",13.1099250703812,-1.96957950979232,0.721256610953567,-2.73076111869305,0.006318825434158,0.045210948210756
"Gene3155",6.23892828522124,2.33249292219098,0.804596156850844,2.898961053108,0.003744013980538,0.032869092855253
"Gene3160",4.89325884795043,2.77152165899392,0.971439020562135,2.8530063136543,0.004330776111725,0.035785526052793
"Gene3161",12.403259509382,2.26566458636133,0.685629836813699,3.3045011531156,0.000951455845003,0.014050089158324
"Gene3165",18.1293850492126,2.21984723968809,0.618288104282426,3.59031206376581,0.000330282299028,0.007345747948593
"Gene3166",81.2490432486391,1.90057874919606,0.635151509593115,2.99232343856601,0.002768627647014,0.027429549179233
"Gene3173",36.6490488440142,-1.88718800740641,0.584223344061344,-3.23025094185257,0.001236816101036,0.016651040057774
"Gene3199",68.8816801913142,-1.5802259067992,0.575166663818278,-2.7474226275716,0.006006567925328,0.044050859522356
"Gene3201",141.844728393089,-1.63992791364976,0.435807689684596,-3.76296231678844,0.000167912510893,0.00490543264977
"Gene3204",23.8549049783477,3.23411294398887,0.73840413470961,4.37986841075956,1.19E-05,0.001244373426584
"Gene3214",33.0508310402461,-2.12285251651685,0.60108592633879,-3.53169559208802,0.000412904376063,0.008302272860396
"Gene3216",30.7052521091595,-1.44674192037986,0.501986661610559,-2.88203259373103,0.003951188596912,0.034119066566186
"Gene3233",16.4984506408691,-2.21547114440513,0.720945014634816,-3.07300986820381,0.002119114799768,0.023046553723368
"Gene3242",4.86712876326316,2.75698927037124,0.779571068280986,3.53654641962356,0.000405395251678,0.008242532561163
"Gene3244",29.3321743794474,-2.54999766711952,0.608757233583067,-4.18885809719347,2.80E-05,0.001933785505317
"Gene3252",14.7879944127098,1.44981104155805,0.541131397893933,2.67922180675649,0.007379349360268,0.049253250838209
"Gene3270",29.8489471294407,2.41352419065941,0.612130564595816,3.94282581241968,8.05E-05,0.003156779873728
"Gene3280",21.2121205096029,-1.9729592964222,0.683676216364571,-2.88580946535387,0.003904084307041,0.03380388857117
"Gene3281",64.1345826477466,1.31027751746472,0.485767932220628,2.69733226620158,0.006989748823562,0.047493566148528
"Gene3284",3.40054922500234,3.09019543857406,0.832260052029245,3.71301665992431,0.000204803399732,0.005365258293943
"Gene3285",12.0682375493882,2.98833767345816,0.732359937110194,4.080422101255,4.50E-05,0.00238835834105
"Gene3290",10.6682831058876,-2.05051492376531,0.726338230731281,-2.82308549517054,0.004756388599797,0.038112225601645
"Gene3295",5.00142122976766,3.16729990487523,0.838987921844354,3.77514362532481,0.000159915497775,0.004761636870906
"Gene3301",9.11691157421818,1.76519966128444,0.607409799228895,2.90610995002938,0.003659528335737,0.032424016099886
"Gene3309",1.29901036880092,4.12528076776057,1.54367495735376,2.67237655706504,0.007531607939994,0.049505104541649
"Gene3319",30.7942385213183,-1.44686461041748,0.539163489633828,-2.6835359556711,0.007284814142444,0.048990101664582
"Gene3327",41.1663115055215,-2.31695601124503,0.628494410761647,-3.68651808444439,0.000227343293185,0.005788755161517
"Gene3333",148.704313340247,-1.89499881542336,0.568230554061027,-3.33491186258852,0.000853264390875,0.01323238543354
"Gene3346",20.1431546806489,-1.38132008497886,0.516245040956612,-2.67570625457098,0.007457197257877,0.049253250838209
"Gene3353",32.4655755296727,-2.80634304072995,0.565094638751875,-4.96614699252558,6.83E-07,0.000232591235115
"Gene3365",4.00466704879177,3.2886144091651,0.991945068127812,3.3153190784768,0.00091538573673,0.013740872946117
"Gene3372",61.2547969528236,-3.84688355251272,0.638325131355122,-6.02652686468107,1.68E-09,4.56E-06
"Gene3373",4.23995290780835,2.81077831050117,0.754187062477013,3.72689807389375,0.000193850804738,0.005281465175081
"Gene3378",13.6123427728372,-2.16277648701986,0.697772074479535,-3.09954577737016,0.001938176243015,0.022212991677506
"Gene3383",2.00005205047211,3.32821465099627,1.2326393808397,2.70007165334035,0.006932454360954,0.047396416327273
"Gene3391",15.7186234490696,-2.151130205034,0.637500964349165,-3.37431678590498,0.000739991565449,0.0121819155291
"Gene3410",20.9156817761692,2.71442592323426,0.709144230475083,3.82774872386082,0.000129320677795,0.004219571097643
"Gene3416",8.22767653833693,2.31403734496011,0.640076760215956,3.61524974626383,0.000300058211352,0.006960949828715
"Gene3419",14.1867571195926,2.02451023903919,0.650340363742202,3.11300105592356,0.001851953551525,0.021639417685266
"Gene3426",21.0426826386617,-1.55737209864323,0.55713764594052,-2.79530939973404,0.005185006596466,0.040067926762736
"Gene3432",23.7968828213674,1.47559852232004,0.507527312766032,2.90742682256448,0.003644155948359,0.032393157850911
"Gene3433",19.9056347478341,-1.82424412715892,0.652561580983725,-2.79551260803448,0.005181748057639,0.040067926762736
"Gene3439",2.4219617137026,4.32456716877342,1.13346257892099,3.81535945623385,0.000135984836259,0.004410603409384
"Gene3442",71.2934295930703,1.51353731030855,0.558293582302405,2.71100610554526,0.00670793910647,0.046593628878859
"Gene3444",20.1668201949105,1.94447272904132,0.518462067411562,3.75046286172711,0.000176508447433,0.005054691179898
"Gene3460",26.836213938385,2.01132003993412,0.537748921211998,3.74025862367318,0.000183831007703,0.005158139733376
"Gene3464",1.52099542833876,4.35180404864907,1.45737054253578,2.98606560351979,0.002825920117955,0.027744934635561
"Gene3470",210.912681014609,-2.1309582620034,0.547059795728596,-3.89529312634884,9.81E-05,0.003592773544753
"Gene3485",8.75801742641998,1.59685707833616,0.533553227744806,2.99287305426989,0.002763646770267,0.027429549179233
"Gene3493",14.2656244516516,1.64018659355706,0.598314625483257,2.74134464326739,0.00611882890351,0.044455331593631
"Gene3496",220.779175721383,-1.96583998095062,0.682382740409639,-2.8808465755897,0.003966086476764,0.034119066566186
"Gene3501",5.67043905598463,-2.47030865646276,0.775472622667655,-3.18555237703274,0.001444779484167,0.018523772727589
"Gene3514",9.20948707233769,2.16078773947563,0.630010636264358,3.42976390412708,0.000604106647607,0.010718466034264
"Gene3515",29.7399000963863,2.11164690300422,0.582326177572135,3.62622699156031,0.000287592571108,0.006783947705492
"Gene3522",37.925174054345,1.72937943039136,0.548591914036022,3.15239686576533,0.001619360153413,0.019784514520056
"Gene3527",21.9850331872175,2.06327303183387,0.516282709890928,3.99640156895775,6.43E-05,0.002711809631154
"Gene3528",23.0065456451965,-3.03492238226539,1.03016842555221,-2.94604484760688,0.003218657290712,0.030248740368351
"Gene3530",44.8086576554295,1.46828657796405,0.548913243349306,2.67489734626368,0.007475213514993,0.049253250838209
"Gene3537",8.91763914934649,2.17689654558107,0.711031382375828,3.06160402977886,0.002201544755457,0.02352199484801
"Gene3546",27.8554517471444,3.11129725925738,0.771166705439531,4.03453265981456,5.47E-05,0.002570005828894
"Gene3555",12.2122632927395,1.89294669473849,0.645820494778116,2.9310725039608,0.003377939325873,0.031105713213612
"Gene3561",28.1377404650599,-1.78236630714722,0.532218939836973,-3.34893438345728,0.000811230054192,0.012775701055758
"Gene3562",62.9319481364876,1.46360898396055,0.506155686200846,2.8916181796677,0.003832634176191,0.033414437801699
"Gene3564",8.282867886962,1.82629856344731,0.648587099543143,2.81581080587901,0.004865430958214,0.038559261855348
"Gene3580",11.551401660233,-2.82402704667382,1.01034864693652,-2.79510152781077,0.005188341834341,0.040067926762736
"Gene3582",1.19850139646372,3.62613136566328,1.23476393882109,2.93670008627349,0.003317247471792,0.03074095488741
"Gene3594",47.8948250450013,-2.69670964260091,0.726237259320886,-3.7132625846306,0.000204604403389,0.005365258293943
"Gene3596",14.5494794943841,-2.54506143009083,0.724361520043979,-3.51352378565928,0.000442204820283,0.008667532610512
"Gene3608",42.07427156621,1.72358859260512,0.600860902806438,2.8685317759148,0.00412381773085,0.034838267930857
"Gene3611",101.840588603861,-1.91718125618933,0.416248150051245,-4.60586132563784,4.11E-06,0.00061555416363
"Gene3615",10.0171498287353,2.70276509278292,0.670725721186599,4.02961301081668,5.59E-05,0.00260195580505
"Gene3621",72.4433819081782,-2.07023000470906,0.483296547578036,-4.28356050769178,1.84E-05,0.001431732920413
"Gene3647",13.3174940622393,1.85688854209653,0.557083084430425,3.33323447434247,0.000858425652932,0.01323238543354
"Gene3649",3.52860385814312,3.3232277976184,0.941806422512061,3.52856778015426,0.000417814933348,0.008370123425776
"Gene3671",18.0470235658316,-2.19030951171502,0.707085632315785,-3.09765806517877,0.00195056344554,0.02222175739125
"Gene3679",32.7216889813682,1.80222169735203,0.592285050426583,3.04282827340317,0.002343660359286,0.024606175910889
"Gene3682",455.438432534643,-2.31988015460555,0.601930424845068,-3.85406694669516,0.000116171807208,0.003987985865337
"Gene3684",110.702852030019,-1.90430862026248,0.551199237708803,-3.45484625156271,0.000550606709976,0.010083822962817
"Gene3690",14.4869879098441,-2.17387400753677,0.657457242937353,-3.30648727485981,0.000944736414372,0.014027053739813
"Gene3698",86.7052151045472,2.09115849319212,0.550112427858345,3.80132930523539,0.000143921871992,0.004533137512709
"Gene3701",88.7996398223623,2.26516810410851,0.619408161351424,3.65698782393563,0.00025519649781,0.006235720702085
"Gene3704",248.853462997478,-1.74110180964616,0.538225616779406,-3.23489212584201,0.001216886969639,0.016494569894429
"Gene3706",6.43535303067199,-2.12723851972412,0.76622457735988,-2.7762598363182,0.005498824332413,0.041557689025407
"Gene3713",14.5474214998706,1.93431484846435,0.693940452882386,2.78743635773053,0.005312688840954,0.04071567017491
"Gene3716",16.1888945279518,-1.60410396397117,0.531697752947647,-3.01694704383887,0.002553344138765,0.026150203617239
"Gene3717",1035.75339592621,-1.71738264799681,0.587264273949114,-2.92437787241527,0.003451454851737,0.031397291297353
"Gene3723",48.8863801736113,-1.81732322172375,0.542999177958148,-3.34682499623199,0.000817427976355,0.012813549617767
"Gene3730",589.486139757145,-2.15895658641733,0.540416143862816,-3.99498906710193,6.47E-05,0.002711809631154
"Gene3749",23.4011669635362,1.85769209997647,0.523358608913246,3.54955869329057,0.000385877434237,0.008025366943351
"Gene3751",5.61738595418372,2.12073473851419,0.708023181065547,2.99528997810858,0.002741840459937,0.027313141985729
"Gene3756",290.903372137932,-2.16121286838988,0.526039667460667,-4.1084598787438,3.98E-05,0.002205931414963
"Gene3759",3.57645529808733,2.83735727740595,0.977523728750674,2.9025968311094,0.003700827310081,0.032734752343879
"Gene3761",24.978950302917,1.5708660241229,0.493289780099581,3.18446902306751,0.001450198312114,0.018532374322347
"Gene3766",218.456939605196,-1.48035500941995,0.451692087731159,-3.27735430756767,0.001047847914929,0.015025587601185
"Gene3774",22.8436381472238,3.77698051724882,0.579809274207731,6.51417748087905,7.31E-11,3.98E-07
"Gene3775",38.9232152196421,1.51855626921674,0.556553010700155,2.72850247868818,0.006362261203659,0.045395465173421
"Gene3784",4.31356336020498,3.91087726315665,0.909942486277827,4.29793896002628,1.72E-05,0.001402049004363
"Gene3789",25.6858349991829,1.65727638299471,0.588179057297644,2.81763922470986,0.004837813543192,0.038471900764333
"Gene3802",33.9510621410051,2.29799005320039,0.61603536300121,3.73028918665483,0.00019126011799,0.005281465175081
"Gene3810",393.563204570787,-1.77075096148602,0.535264438901568,-3.30817971976586,0.000939045267115,0.014027053739813
"Gene3821",12.7033299890396,-1.9687651246887,0.596982730347659,-3.29785942642289,0.000974248958246,0.014309117448736
"Gene3840",83.3140924458074,-1.54249897793877,0.461283185199129,-3.34393064267645,0.000826003850213,0.012896547220083
"Gene3844",14.2187292013874,2.14518248105265,0.58696074621061,3.65472903409955,0.000257453743452,0.006262792178882
"Gene3849",88.1010626424812,-1.48394693484321,0.490309440998468,-3.02655182780348,0.002473604113596,0.025576221660313
"Gene3866",50.6444524599466,-1.68650082271513,0.437636824427998,-3.85365382567938,0.000116368095538,0.003987985865337
"Gene3877",71.7607608839251,1.68079799889912,0.544231968571547,3.08838527679793,0.002012473786205,0.022601464533013
"Gene3881",208.925264150861,-2.67926525849581,0.472550640922185,-5.66979499438876,1.43E-08,2.60E-05
"Gene3888",170.058203622209,2.14835162126103,0.575162522187517,3.73520794277451,0.000187560140566,0.005214363295624
"Gene3897",35.5371326600531,-1.7753641028981,0.579845964200014,-3.06178573709224,0.002200208838248,0.02352199484801
"Gene3901",25.4846851813817,2.09723522628548,0.62096163773264,3.37739901927479,0.000731748154514,0.012082714224083
"Gene3922",4.15687216463898,2.6607525346954,0.960478873286807,2.77023535727566,0.005601579992495,0.042111026916976
"Gene3926",72.5670975933106,-1.62510292094394,0.485226872477005,-3.34916100719659,0.000810566775785,0.012775701055758
"Gene3935",21.7695012907769,-1.97869944072295,0.638233861044708,-3.10027336607317,0.001933421108042,0.022212991677506
"Gene3939",39.4421134429785,1.51498479018022,0.497632556589562,3.04438439591433,0.002331570196159,0.024573938102269
"Gene3971",25.9738761998424,1.53791820527498,0.571763066483013,2.68978235116673,0.007149863390881,0.048217333684293
"Gene3972",23.6255430944945,-2.057114151502,0.744307500151666,-2.76379608036037,0.0057133232265,0.042661851677296
"Gene3981",8.05416540061588,1.74586585737935,0.634666336174339,2.75084049345225,0.005944257964708,0.04377062385094
"Gene3984",271.040954488136,-1.88752442949364,0.535209573760454,-3.52670154278378,0.000420770784765,0.0083711739642
"Gene3986",20.7492203798161,2.45308397213881,0.610594708770495,4.01753231219181,5.88E-05,0.002648428948451
"Gene3989",20.8750193712118,1.41889127813914,0.521181590686128,2.72245087603955,0.006479966653186,0.045693227602648
"Gene4013",602.615493918631,-1.26686398456982,0.461284755993352,-2.74638163977844,0.00602566239256,0.044076859675457
"Gene4041",69.0164137643727,-1.76262104187452,0.645512806676782,-2.73057486023991,0.006322397235565,0.045210948210756
"Gene4057",91.1495703761204,1.55372457883765,0.503427599536374,3.08629201153957,0.002026696790912,0.022630063142784
"Gene4064",34.2809336190534,1.67149423685783,0.543030872201042,3.07808325902879,0.002083366987868,0.022795716298985
"Gene4066",40.405199170857,2.5570400940465,0.499636774702815,5.11779801550322,3.09E-07,0.000153128485005
"Gene4076",13.0637880208864,-2.6022469229985,0.767975126210181,-3.38845209198392,0.000702883064818,0.011875224613551
"Gene4084",34.5777993828372,2.51792233055759,0.719926521252412,3.49747127828728,0.000469691285533,0.00908136418139
"Gene4087",9.74535527808426,3.03872702666675,0.781339495214357,3.88912507978762,0.000100606259818,0.003606602037823
"Gene4090",204.574672058748,2.25080931206728,0.622974069157331,3.61300642113699,0.000302667205465,0.006988277977032
"Gene4091",2916.03903813279,-2.46780174153003,0.655736679491385,-3.76340354095207,0.000167616396984,0.00490543264977
"Gene4095",126.69704883735,2.25650479308398,0.572802250739925,3.93941327948539,8.17E-05,0.003168689901707
"Gene4102",12.3138262388493,1.77264664175483,0.603406488829496,2.93773215000298,0.003306225337923,0.03069100829019
"Gene4119",3.87621572117585,2.41420487087971,0.807827128798162,2.98851670712201,0.002803351732357,0.027620052957922
"Gene4121",21.3982067905941,2.33441259338448,0.614047293198743,3.80168208416631,0.000143717061971,0.004533137512709
"Gene4130",10.3293511040261,1.99725180913855,0.717542584837978,2.78346101171059,0.005378232599077,0.041046395936748
"Gene4138",34.0151587262336,1.57571623813402,0.584074975026376,2.69779789497549,0.006979980266971,0.047493566148528
"Gene4153",6.68313089603656,-4.39025166040574,0.894366807089069,-4.90878197357845,9.16E-07,0.000283884399418
"Gene4169",29.1672281074036,2.44994859370457,0.692976652386399,3.53539846583243,0.000407160683017,0.008247652645952
"Gene4172",23.5798627278472,-1.97997419006349,0.642784255485393,-3.08030909775214,0.002067858694706,0.022727925920204
"Gene4185",267.918111710904,-1.70131424115257,0.60210297749705,-2.82562004297828,0.004718920243178,0.037925363429313
"Gene4187",44.7109340257444,-3.21310896827883,0.728978740826686,-4.40768542116202,1.04E-05,0.001161872980339
"Gene4189",34.2235054348048,1.74035037158464,0.619113528540928,2.81103592694242,0.004938227146596,0.038997680756233
"Gene4201",23.3486743707066,1.70296553365608,0.491966356976572,3.46154876142715,0.000537076817357,0.010020184830794
"Gene4202",13.1050952723494,2.84268175006934,0.70150625864188,4.05225429573899,5.07E-05,0.002467934099872
"Gene4209",38.9829475232511,-1.80390160118778,0.560142283337721,-3.22043461964497,0.001279963847186,0.017094419125773
"Gene4211",17.1867538707866,1.83013855071781,0.576042952559034,3.17708695608121,0.001487624250269,0.018895255337334
"Gene4213",14.2456072662581,-3.66334847217118,0.783292925609307,-4.67685632334996,2.91E-06,0.000529109173497
"Gene4217",79.0805850156686,-2.10359413364916,0.554455097945515,-3.7939846552838,0.000148248839601,0.00458981776695
"Gene4223",299.76241587258,-1.2995576265291,0.423149720169378,-3.07115322210047,0.002132336961198,0.023046553723368
"Gene4230",111.11807347741,1.80336453558522,0.53758051074567,3.35459433431431,0.000794814478229,0.012721083977951
"Gene4232",11.5322011034129,-1.66541613896021,0.607623942870395,-2.74086654830097,0.006127739027462,0.044460785566768
"Gene4238",20.4674082947951,-2.15380871117467,0.537876111704313,-4.00428400575389,6.22E-05,0.002699661635152
"Gene4241",36.4535210500052,1.80341634976632,0.553420726657549,3.2586715005386,0.001119351974197,0.015653938052509
"Gene4243",55.2835177634556,-2.70846150143607,0.494649488309299,-5.47551663440213,4.36E-08,4.75E-05
"Gene4248",31.9886107147919,-1.80133025536704,0.529154998013826,-3.40416373676578,0.000663669579546,0.011336475043711
"Gene4261",26.5330536104353,2.48475609025778,0.518137588834444,4.79555265590219,1.62E-06,0.000368325291806
"Gene4262",110.276743476479,-1.47630171499724,0.542984919553958,-2.71886319828176,0.006550669450064,0.045879945801283
"Gene4263",342.848413323504,-2.30607771885034,0.564176248412689,-4.08751294535794,4.36E-05,0.002352362180532
"Gene4264",31.3689601856275,2.20009654794417,0.668382117176995,3.29167476418517,0.000995927153357,0.014471485489706
"Gene4266",43.1098459704293,-1.80338431121686,0.565098287873571,-3.19127548236411,0.001416461522529,0.018316144971677
"Gene4267",11.6323224656334,-2.67547723602049,0.77391495763498,-3.45706877690609,0.000546085457282,0.010052769110582
"Gene4277",7.99317416404157,2.36612722063437,0.796926963782735,2.96906407759525,0.00298708300414,0.028706552538901
"Gene4284",18.8477465531677,2.64465835311105,0.650259075699869,4.06708410838346,4.76E-05,0.002397648289691
"Gene4286",9.81391179369228,2.91161490122876,0.675963908957939,4.30735260069917,1.65E-05,0.001371285343204
"Gene4294",4.50409018228357,2.35319944126667,0.825031153709435,2.8522552520428,0.004341022705248,0.035785526052793
"Gene4303",45.6892147849399,-3.24805151389014,0.647430773028834,-5.01683214514965,5.25E-07,0.000204455914364
"Gene4305",58.2475550562822,2.09591090093782,0.578458736293702,3.62326777942144,0.00029090438027,0.006803167245035
"Gene4306",46.8672394115229,1.64307008166123,0.480040745025748,3.42277212650585,0.000619860176195,0.010825699038741
"Gene4318",53.222740820355,-1.97588254052355,0.514407171687207,-3.84108669022409,0.000122490842884,0.00412007779554
"Gene4322",3.35365031934271,3.29656021120264,1.09352452254862,3.01461937361909,0.002573019348111,0.026166932452027
"Gene4326",34.637647072474,1.3262686633404,0.482580543195432,2.74828457558285,0.00599079879741,0.043994424052678
"Gene4329",189.428293502417,-1.41943751189269,0.525421900305347,-2.70151950474045,0.006902343174049,0.047309267868416
"Gene4334",6.45474503284569,2.51455948536215,0.76409006196611,3.29092028613987,0.000998602062355,0.014471762334498
"Gene4344",6.1894315950213,2.37326386389427,0.790029948682462,3.00401759180418,0.002664399186863,0.026836065007791
"Gene4351",14.5177532534605,1.60816306936529,0.546678358675039,2.94169879572868,0.003264172526727,0.030508535331277
"Gene4355",37.7543414205717,1.4693968900359,0.548710213519165,2.67791058710552,0.007408299171061,0.049253250838209
"Gene4362",93.987200047407,1.32845005346216,0.482754079086161,2.75181528445472,0.005926593951413,0.043699608174897
"Gene4365",6.6288060550973,-3.22773443342314,0.986520922893058,-3.27183575991224,0.001068516288113,0.015251288715019
"Gene4371",11.9290539888791,2.28394020012894,0.612645057586453,3.72799906217581,0.000193006096187,0.005281465175081
"Gene4377",9.44383377181189,-2.02363607991349,0.685222961532637,-2.95325199755015,0.00314445156859,0.029798463647383
"Gene4381",53.5643538536163,1.96810544286603,0.635441894462275,3.09722330242561,0.001953426645331,0.02222175739125
"Gene4406",33.6936277187829,1.57041236198999,0.539737546873817,2.90958516984019,0.003619087636121,0.0322756277074
"Gene4409",22.5280664267604,-3.13697640648629,0.724705106023349,-4.32862467838776,1.50E-05,0.001334039459904
"Gene4411",606.616719911925,-1.84640874803281,0.667447963138929,-2.76637108809108,0.005668399113663,0.042427344464762
"Gene4419",23.6375515336644,2.06359945867411,0.662986221286972,3.11258272406975,0.001854580300793,0.021639417685266
"Gene4429",8.72781720370225,2.54771718120766,0.72851524906328,3.49713638044433,0.000470281344502,0.00908136418139
"Gene4433",2.28044053511541,-2.44351224893782,0.873849843272638,-2.79626101411962,0.005169762972142,0.040067926762736
"Gene4445",18.8095480698359,1.93461736206186,0.646049375706292,2.99453483713507,0.002748636656479,0.027330877994809
"Gene4457",24.6797023884801,2.82314756746491,0.742459211578398,3.80242782827513,0.00014328501435,0.004533137512709
"Gene4460",46.3182734760454,-1.74831451881762,0.610545033166328,-2.86353081893197,0.004189480562409,0.035185347737994
"Gene4462",13.5832076536647,1.97915133318852,0.691665518741404,2.86142836322085,0.0042173680076,0.035247056975503
"Gene4463",20.0372511531697,-1.7401222739971,0.478304513867883,-3.63810548206066,0.000274650943475,0.006592832559455
"Gene4466",2.98315272747897,3.94696538518463,1.18482342439399,3.33126886582565,0.000864510592723,0.01323238543354
"Gene4474",519.965790154872,-2.9229365579177,0.580189503531896,-5.03789975538055,4.71E-07,0.000197282227211
"Gene4480",13.682636611342,1.69258886043353,0.568003910577251,2.97988944955217,0.002883524276373,0.028173929296276
"Gene4481",10.3502554450181,3.41149359170651,0.741268451969909,4.60223766793329,4.18E-06,0.00061555416363
"Gene4482",253.940755345348,-2.2213579980528,0.521130650126507,-4.26257407334141,2.02E-05,0.00155093489137
"Gene4485",191.45488656044,-1.71716524599591,0.604298822781335,-2.84158297395405,0.004489016888808,0.036518075471889
"Gene4487",477.019037004264,1.86294174742117,0.539307362277049,3.45432285507007,0.000551676509043,0.010083822962817
"Gene4512",23.02587428841,1.75476428062357,0.562675073301991,3.1186103026138,0.001817061143938,0.021431095613244
"Gene4516",5.81277954212552,2.33432391650106,0.733392846675877,3.18291066933833,0.001458025899159,0.018562577393732
"Gene4522",61.4770405995661,1.92611135050112,0.621530571059111,3.09898087107598,0.001941875574234,0.022212991677506
"Gene4528",194.667447218687,1.87791050477249,0.478909269618205,3.92122396434213,8.81E-05,0.003333740988735
"Gene4534",39.2659638629701,-1.79926993352846,0.55617602662434,-3.23507279601561,0.001216117207696,0.016494569894429
"Gene4541",34.8668934606939,-1.89415711662341,0.628323261278992,-3.01462198418014,0.002572997204253,0.026166932452027
"Gene4542",220.600029983937,-1.54722249118742,0.502317348323406,-3.08016933190067,0.00206882937354,0.022727925920204
"Gene4544",2.0506446519229,3.38390719454417,1.12854601647068,2.99846629659525,0.002713421662325,0.027179107790462
"Gene4551",2.95869502421528,2.82689607800415,0.970598624197159,2.91252842063571,0.003585155739514,0.032213391573351
"Gene4553",26.5080487229159,-3.16804888626926,0.750514075515877,-4.22117184689928,2.43E-05,0.001727941418695
"Gene4557",60.9108433242048,2.00954388776602,0.564514482831848,3.55977383907899,0.000371174311766,0.007869761964263
"Gene4576",86.1607432313888,-1.43989436896732,0.522376801986314,-2.75642862296371,0.005843636513383,0.043322415457723
"Gene4585",38.6383418593541,2.00609587734056,0.646007044060404,3.10537771342471,0.001900361814415,0.022024723720876
"Gene4587",17.9090190989318,2.35584904566748,0.573614178813949,4.10702721912946,4.01E-05,0.002205931414963
"Gene4591",51.2596539768096,-2.62041331719189,0.635598790725491,-4.12274748698134,3.74E-05,0.002175618587854
"Gene4597",3.06563726537678,3.98347297871293,1.15160073740521,3.45907470299863,0.000542034547353,0.010020184830794
"Gene4603",6.46697624719128,3.14489672088265,0.920979523240884,3.41473034038358,0.00063845185195,0.011045891280773
"Gene4609",22.3432361832667,1.54121767237338,0.569475212133762,2.70638236666808,0.006802067618469,0.04685773255757
"Gene4631",9.48594518396346,2.4475263998074,0.601112286785082,4.07166257222501,4.67E-05,0.002397648289691
"Gene4640",362.770853344374,-2.44818808454431,0.491686820715006,-4.97916149345671,6.39E-07,0.000231983330703
"Gene4641",4.43300722678516,2.71469253747147,0.880379858942828,3.08354684616628,0.002045489030143,0.022690918665944
"Gene4643",249.903450175598,-2.01793252960238,0.504673213732908,-3.99849343038513,6.37E-05,0.002711809631154
"Gene4653",6.05469928402088,-2.38620245545022,0.886177887842993,-2.69269013387185,0.007087810896965,0.04798270172512
"Gene4656",18.3311123782461,2.04034025522548,0.548676931252102,3.7186550755275,0.00020028631914,0.005349804671549
"Gene4657",8.77166960208356,2.39410218636629,0.769858555582935,3.10979486946596,0.001872173126934,0.021751538099496
"Gene4663",80.9050935211036,-1.58330980626617,0.569502106331008,-2.78016496983052,0.005433128986148,0.041175410077219
"Gene4683",11.0774326502252,-2.70553934771713,0.744858870759175,-3.63228452251578,0.000280923129468,0.006655435358581
"Gene4687",644.254053133276,-2.49802513257916,0.519016026301652,-4.81300192284874,1.49E-06,0.000368252975992
"Gene4689",15.6450605236491,1.82444861334237,0.63222163774099,2.88577376102053,0.003904527204987,0.03380388857117
"Gene4691",12.6937685696312,1.87898500827021,0.598611692132556,3.13890462375755,0.001695806331945,0.020280255035075
"Gene4692",23.4571605211465,-1.79661214745712,0.637714284670411,-2.81726815698611,0.004843406849758,0.038471900764333
"Gene4693",219.826164113447,-1.97847179320963,0.574075061899672,-3.44636429017256,0.000568183863645,0.010285826820612
"Gene4708",33.1599080917031,-1.63758181209799,0.502571279678394,-3.2584070724175,0.001120395639655,0.015653938052509
"Gene4711",11.6866396894744,1.67549866290293,0.627877466266284,2.66851217462285,0.007618801726526,0.04989765698058
"Gene4713",121.457958790317,-1.99711961658172,0.4774160780582,-4.18318466505071,2.87E-05,0.001957919080635
"Gene4716",90.5999918600152,-1.50849784308528,0.50828483957642,-2.96781986325302,0.002999200433324,0.028721692726153
"Gene4718",2.17953902595144,3.81818733241323,1.14616629002627,3.33126821617283,0.00086451261045,0.01323238543354
"Gene4720",74.5609556834203,1.93016642843733,0.628396532221553,3.07157396558773,0.002129334011913,0.023046553723368
"Gene4727",63.8805004809096,-2.0584957330507,0.496079843845745,-4.14952503833391,3.33E-05,0.002110954293743
"Gene4733",207.130659964672,-1.46193931635749,0.54623213167605,-2.67640666225858,0.007441629028404,0.049253250838209
"Gene4738",16.4555104224975,1.51635850578351,0.494162384736778,3.06854295798175,0.002151053996371,0.023164215862109
"Gene4742",61.8505804220641,2.30812596503399,0.583156829681269,3.95798496657498,7.56E-05,0.003073590334776
"Gene4744",11.2991308669073,3.0790917627989,0.649363055391422,4.7417107228912,2.12E-06,0.000444137671015
"Gene4752",35.7594983220227,-1.85908878956881,0.510509144659049,-3.64163660733331,0.000270910305146,0.006531815277606
"Gene4756",68.4417502976584,-1.77040332236166,0.509661700352079,-3.47368327095925,0.000513366635619,0.009679359160851
"Gene4761",29.429461413914,1.75040532841478,0.597376693491177,2.93015336468032,0.003387947483233,0.031114505336469
"Gene4762",101.772078980023,-1.79530918986147,0.501117258121598,-3.58261297284205,0.000340174422064,0.007463960837227
"Gene4763",13.0134869519895,2.2279219400414,0.599988445891918,3.71327473936513,0.000204594572783,0.005365258293943
"Gene4773",17.5903009383405,-1.36682979170613,0.499864522700213,-2.73440048179988,0.006249398334516,0.045020007307932
"Gene4775",9.71149917333787,1.91288503678738,0.657201630182001,2.9106516918676,0.003606758409989,0.032271308006619
"Gene4781",11.0218557506016,1.9556210329042,0.669718231533987,2.9200653958977,0.003499579402902,0.031729131724479
"Gene4787",265.301261024902,1.29678769963133,0.451256616989001,2.87372561600118,0.004056612210104,0.034490486390972
"Gene4797",31.7766194371911,2.06948702667225,0.738972733734789,2.80049172614666,0.005102481548656,0.039890131934906
"Gene4841",307.324504486916,-2.19366583747165,0.570356762137882,-3.84612927047465,0.000119998469878,0.004061314673089
"Gene4853",26.801766922884,-2.01302944899268,0.582892311247012,-3.45351861767759,0.000553324108255,0.010083822962817
"Gene4860",13.3153760576116,-2.65484998364157,0.984069062602635,-2.69782892739266,0.006979329665224,0.047493566148528
"Gene4880",230.765126686005,-1.8960906798804,0.643627870812746,-2.94594247058646,0.003219722777325,0.030248740368351
"Gene4893",656.121072877246,-2.77384798155083,0.592571634099817,-4.68103402513455,2.85E-06,0.000529109173497
"Gene4901",11.8507998697093,1.88791045355522,0.65053087188183,2.90210739437153,0.003706614460667,0.032734752343879
"Gene4902",2.27826988818387,3.17244798302436,1.17818781419456,2.69265047966323,0.007088653861024,0.04798270172512
"Gene4915",130.333769088853,-1.75215652828527,0.58280039148311,-3.00644363643336,0.002643230510045,0.026672153794884
"Gene4918",25.6591459062286,-2.69732918818003,0.698679287688142,-3.86061135017358,0.000113103683224,0.003925490254051
"Gene4922",116.746264785732,1.70067264477063,0.524086040737492,3.24502564956213,0.001174400448643,0.016241898590503
"Gene4925",31.6143718347329,-1.89020060390414,0.558381932650539,-3.38513926289072,0.000711421508642,0.011927802463359
"Gene4928",569.417339931386,-2.03597408388849,0.551300753760786,-3.69303700384911,0.00022159176422,0.005777289584851
"Gene4944",4.66671660123727,2.71128172196016,0.88472274267562,3.06455524559092,0.002179939085893,0.023409035914144
"Gene4948",43.4153244890782,2.24980748315782,0.60167807528262,3.73922131382474,0.000184591163151,0.005158139733376
"Gene4951",69.8252645034001,-1.49053446163263,0.543302889040973,-2.74346868330424,0.006079384666562,0.044274611817281
"Gene4960",122.52714554943,-2.58612043013024,0.632140953171401,-4.09105029053391,4.29E-05,0.002339931320607
"Gene4962",27.691617073431,2.11602017746064,0.685264406260527,3.08788864287832,0.002015839927151,0.022601464533013
"Gene4963",3.46247419194567,2.8451878775188,1.05446075378649,2.6982397090664,0.006970722664015,0.047493566148528
"Gene4969",323.93668507024,1.81171513901822,0.573777254971904,3.15752345238387,0.001591154371482,0.019660317846267
"Gene4970",228.401055008911,-1.57310543952231,0.528131756298672,-2.9786230817612,0.002895467132669,0.028173929296276
"Gene4972",27.5528321961496,1.99507228517521,0.601770411729368,3.31533795329313,0.000915323925139,0.013740872946117
"Gene4973",24.5583810940443,2.62522092759379,0.607964851779979,4.31804720274167,1.57E-05,0.00134024770077
"Gene4975",8.28060060530988,-4.99562202862667,1.55847798764212,-3.20544920636623,0.001348518451341,0.017791954095295
"Gene4978",21.3614129227474,2.07244932604518,0.758553703423337,2.732106265769,0.006293083978237,0.045179202368136
"Gene4979",5.70909230365868,1.98183390660669,0.72375889392322,2.7382515410124,0.006176681265392,0.044756298158405
"Gene4984",52.1491300841611,-1.73875411937735,0.596703364040145,-2.91393383071386,0.003569055472164,0.032145096310449
"Gene5000",4.29283060132623,2.54144919711978,0.833678356975435,3.04847688062827,0.002300046100869,0.024377210913512
"Gene5002",47.6068248336062,1.77956723456342,0.522712716023672,3.40448429894869,0.000662891110493,0.011336475043711
"Gene5011",43.42304606767,1.56518565926122,0.585066988784819,2.67522469950339,0.007467917905205,0.049253250838209
"Gene5013",372.501944840559,-1.9134061531641,0.5105792067261,-3.74752071364815,0.000178591092758,0.005054691179898
"Gene5014",39.0579662827758,1.75065740232199,0.650274726423774,2.69218121385378,0.007098636290794,0.04799065651183
"Gene5016",7.52428749142135,-2.13403546873223,0.661623937814602,-3.22545081391875,0.001257744455125,0.016880417576302
"Gene5029",28.289282198449,1.4435850247659,0.495695670327232,2.91224053624056,0.003588461861814,0.032213391573351
"Gene5043",14.9579008353956,2.20105398694351,0.550654595535428,3.99715902634631,6.41E-05,0.002711809631154
"Gene5044",24.6774600593853,1.78024913741494,0.546928676999122,3.25499322358224,0.001133950714568,0.015801832858694
"Gene5048",34.2589224496766,1.4849480448959,0.471023971925083,3.15259548007055,0.001618258890767,0.019784514520056
"Gene5064",39.3719066980229,2.01462373202276,0.571417299297876,3.52566107903666,0.000422427196485,0.0083711739642
"Gene5069",3.88390899439434,2.56783714164331,0.895461364447222,2.86761354938911,0.004135803650787,0.034885439772658
"Gene5073",92.5689392855583,-2.54087158575353,0.458252134716211,-5.5447021263241,2.94E-08,4.01E-05
"Gene5076",44.0652540524396,2.09820831802587,0.481647705267021,4.35631332835406,1.32E-05,0.001264468141642
"Gene5081",8.11624670361366,2.71423876830703,0.796668785359409,3.40698520914501,0.000656846864009,0.011290721015718
"Gene5083",40.9631977117061,-2.2449052784468,0.494328024948151,-4.54132714543598,5.59E-06,0.000758399715904
"Gene5090",811.47872208061,-1.9155509964509,0.499044474697864,-3.83843744109307,0.000123819751264,0.004139225918032
"Gene5095",14.2021386598813,1.8172103656871,0.6159362577138,2.95032212007152,0.003174427772706,0.030021435555684
"Gene5099",6.34271560826732,2.9910507820974,0.923548745000392,3.23864960922678,0.001200970154639,0.016442428071932
"Gene5116",19.8417963915799,1.49475806046459,0.541754030725917,2.7591083327275,0.005795931766634,0.043027291820692
"Gene5119",58.9043543043072,1.97800094979364,0.60252608145572,3.28284701803238,0.001027644172455,0.014853138184905
"Gene5128",12.37796713723,-2.03859958952802,0.721769304584448,-2.82444761308009,0.004736219000929,0.038008331864596
"Gene5133",480.499488772321,-1.98499447130922,0.509747771602974,-3.89407189572821,9.86E-05,0.003592773544753
"Gene5141",6.00329889064581,3.04716945880538,0.77276383124452,3.94320921295964,8.04E-05,0.003156779873728
"Gene5174",86.6080309936381,-1.31737576415661,0.426123950600402,-3.09153184724879,0.00199126620739,0.022558024041719
"Gene5182",732.582503288056,-1.97034702505631,0.443624128027388,-4.44147849626129,8.93E-06,0.001035807093916
"Gene5188",11.0187313167913,2.15044200929536,0.625758268244707,3.43653790676629,0.000589199897706,0.01056102053487
"Gene5189",105.183294457949,-1.71805476370231,0.538102024562383,-3.19280486836958,0.001408981237232,0.01827985419447
"Gene5193",11.5518228345973,2.29259920263218,0.590774387447926,3.88066790189725,0.000104170001712,0.003709949930236
"Gene5194",17.9038497025953,1.71709531234989,0.600607308065996,2.85893176671305,0.004250702050918,0.035325606088007
"Gene5202",670.481771019058,-2.35405521539431,0.488643347716591,-4.81753251404057,1.45E-06,0.000368252975992
"Gene5204",5.9169114461216,3.42024871660759,0.900089043057835,3.79990040206258,0.00014475425348,0.004533137512709
"Gene5207",48.8050204367461,1.21446932713786,0.444588828710455,2.73166856364895,0.006301449702084,0.045179736087703
"Gene5209",64.2605184110557,-1.63606039433578,0.517103928901166,-3.16389086002958,0.001556751615616,0.019500550697682
"Gene5210",5.48520890776882,2.53162098808765,0.729174738785825,3.47189892000803,0.000516790881044,0.009688522941217
"Gene5215",467.146864541967,-3.08278495972294,0.679478891548274,-4.53698414780546,5.71E-06,0.000758399715904
"Gene5216",38.8681389067185,-2.07850484271799,0.584453621996047,-3.55632126227467,0.000376084142086,0.007912287607052
"Gene5219",12.4370064697227,3.06121085307658,0.570783571705546,5.36317267143735,8.18E-08,6.37E-05
"Gene5221",39.5614087352824,-1.31517841236245,0.493120914176366,-2.66705056417881,0.007652015831193,0.049995005112913
"Gene5230",3.08985823952144,2.74917807587438,0.935025507989617,2.94021719448633,0.003279822529355,0.030602316716532
"Gene5236",293.450017224007,-1.48467865594527,0.511942862312706,-2.90008664099392,0.003730595263691,0.032869092855253
"Gene5245",39.2059786844619,-1.64395337842509,0.616357859966503,-2.66720599379464,0.007648477642162,0.049995005112913
"Gene5251",9.29885401968346,1.7279466757249,0.6060919090625,2.85096476274974,0.004358679947895,0.0358768082116
"Gene5257",3.02420614476769,3.59767614838182,1.14367872549854,3.14570523012356,0.001656869031193,0.020018357762682
"Gene5258",157.22103878551,-2.22503431826634,0.681304338019516,-3.26584493023235,0.001091379970334,0.01540655300091
"Gene5264",118.597962576778,-2.06070611780622,0.628455461385368,-3.27900105007219,0.00104175248269,0.014977597040046
"Gene5265",14.1955952916664,2.35417507186131,0.544619188512037,4.32260765231793,1.54E-05,0.001334039459904
"Gene5270",24.6501541761236,2.20112263994616,0.729314972243074,3.01806863113807,0.002543912852489,0.026105049215086
"Gene5275",44.2677123181413,2.19691201188493,0.6205997302549,3.53998222168512,0.000400153987177,0.008190623929551
"Gene5282",3.68156827585457,4.6085803929782,1.15042431989103,4.00598310840189,6.18E-05,0.002699661635152
"Gene5283",19.0623882494783,-1.92007460909604,0.6409827103996,-2.99551700528558,0.002739800240522,0.027313141985729
"Gene5284",20.2943688264765,-4.22001309422259,0.810286875188402,-5.20804819063789,1.91E-07,0.00012998410233
"Gene5288",199.629976611732,1.66949908583826,0.454834683293808,3.67056239807425,0.000242017377664,0.006049324270133
"Gene5298",15.4421968175436,-2.3027031768852,0.667038876955109,-3.45212738933081,0.000556185071938,0.010102174856628
"Gene5303",272.073539136322,-1.59241056866101,0.534591465786257,-2.97874296649864,0.002894334592403,0.028173929296276
"Gene5305",37.362290038148,1.44792595718159,0.541062161031136,2.67608060859808,0.007448872717695,0.049253250838209
"Gene5328",9.89796634169085,2.66574963159326,0.628217572655931,4.2433541301992,2.20E-05,0.001643683592855
"Gene5332",16.2386938693765,-2.19934435266554,0.754443916031063,-2.91518601440347,0.003554765991856,0.032069403790768
"Gene5347",43.7228722364177,-2.1838494947978,0.531047717744383,-4.11234136185287,3.92E-05,0.002205931414963
"Gene5350",32.1598055270292,1.66970722309206,0.549474127777617,3.03873674606901,0.002375723556697,0.024847058849215
"Gene5351",12.9838127691455,-2.23257482285177,0.750130277438171,-2.97624944626474,0.002917974105486,0.028291887723832
"Gene5352",12.5357543357315,-1.9332024515479,0.633035650781156,-3.05386031444258,0.002259172455765,0.024043419358325
"Gene5355",27.2503754081043,2.91613622573358,0.643873033413168,4.5290547583196,5.92E-06,0.000768674136716
"Gene5363",6.05595984504648,3.12754994818102,0.827908856043653,3.77765007023443,0.000158315109615,0.004739884792799
"Gene5379",51.6950128512019,1.49702033833994,0.461579239206915,3.24325751936356,0.001181713498913,0.016260497110038
"Gene5381",310.926253568419,-1.6200881253217,0.597384981539439,-2.71196661346724,0.006688532918503,0.046593628878859
"Gene5395",12.2817936252383,2.2245743434509,0.604922047984427,3.6774562125204,0.000235571498482,0.005942727292723
"Gene5400",9.49246635463174,2.39574492816256,0.711507976726952,3.36713713201553,0.000759529095669,0.012391239647605
"Gene5401",21.8642815309642,-2.81538351961556,0.609201309024364,-4.62143379849988,3.81E-06,0.000593313506499
"Gene5407",36.6806829641601,-1.66139127167855,0.526505642979447,-3.15550515712783,0.001602204337936,0.01975206207559
"Gene5411",184.210287696522,-1.28761434098271,0.473356993120224,-2.72017601872775,0.006524717447671,0.045788744152126
"Gene5415",134.118297825114,2.09856035805992,0.586046917869089,3.58087431922763,0.000342446358838,0.007463960837227
"Gene5417",159.163264086873,1.46477010527624,0.465399646709612,3.14733824065447,0.00164764243077,0.01996267128498
"Gene5420",5.97348509517428,2.34468975048843,0.774129463926708,3.02880830629438,0.002455204166803,0.025434234800207
"Gene5422",6.12357079356193,2.9564630235765,0.813087933318487,3.63609260748732,0.000276804854124,0.006615393202289
"Gene5425",70.6185498683118,2.30960354951787,0.578834858701379,3.99009063603994,6.60E-05,0.002747296425848
"Gene5431",26.9248689224976,1.61087332730888,0.509322647917435,3.16277576482329,0.001562726503648,0.019521909616741
"Gene5436",4.85887230471621,2.28571601697847,0.788374053073349,2.8992785950628,0.0037402239626,0.032869092855253
"Gene5437",46.136156089777,-2.5636216224928,0.571869006819172,-4.48288260409858,7.36E-06,0.000911982365679
"Gene5442",51.3723917773286,-1.30493923295083,0.477411858053032,-2.73336158484333,0.006269146705318,0.0450667287563
"Gene5443",8.6974663513393,1.87796794666751,0.69001908712773,2.72161738957791,0.006496330777259,0.045693227602648
"Gene5452",1.94093445072836,3.64226478755752,1.24402470726404,2.92780743524611,0.003413613921723,0.031209366207165
"Gene5462",110.591203255985,-1.82171791245668,0.446826657914411,-4.07701259580091,4.56E-05,0.002390121197305
"Gene5466",42.682085086158,-2.07644419451948,0.472694626263275,-4.3927814685225,1.12E-05,0.001195677304205
"Gene5470",108.491699461732,2.42722036826822,0.597977876811899,4.05904710255983,4.93E-05,0.002418834405732
"Gene5487",16.3395284342143,1.98676307289854,0.564255933274274,3.5210317796212,0.000429871094439,0.008486839107233
"Gene5489",16.9589450699231,-1.70429487000785,0.626591282880991,-2.71994666470895,0.006529244669885,0.045788744152126
"Gene5490",18.884040937946,2.2136954248971,0.618725237979399,3.577832758409,0.000346455004372,0.007496361983231
"Gene5491",46.2040949393952,-1.39415615895761,0.507856557386791,-2.7451770360736,0.006047826248973,0.044175074035731
"Gene5496",418.172942950176,-1.37487319221391,0.506806421903185,-2.7128172272382,0.006671389196432,0.046545966365374
"Gene5504",53.5428303065634,1.33462939800062,0.480951116462666,2.77497931144573,0.005520521949122,0.041663883796072
"Gene5505",28.0140244351151,1.3482862653989,0.501604422330358,2.68794732537448,0.007189273654421,0.048423179410307
"Gene5516",412.822180258296,-1.38750978378601,0.511779299908263,-2.71114870029859,0.006705054913797,0.046593628878859
"Gene5519",1.75092041956401,3.12096898902189,1.14678725479429,2.72148907827,0.00649885325602,0.045693227602648
"Gene5520",190.924146254559,-2.19182961589776,0.617938732477043,-3.54700150791922,0.000389642361107,0.008042277369974
"Gene5531",18.5741212601709,1.89092565973268,0.596495191255723,3.17006019068144,0.001524073630773,0.01917939310411
"Gene5537",12.8410395426263,-2.47802189929009,0.787381262326622,-3.14716899912987,0.001648596454073,0.01996267128498
"Gene5539",18.1106824856066,1.79166011675201,0.595128580436674,3.01054289047483,0.00260781114445,0.026415128483325
"Gene5546",14.3946367036283,-2.60008635711112,0.733447408037739,-3.54502085441597,0.000392582024293,0.008072375284425
"Gene5552",110.950793847188,-1.54593066940512,0.545022479913347,-2.83645303887449,0.004561768645401,0.036879936719272
"Gene5554",32.9396062859067,-1.92163155758306,0.718743222170451,-2.67359955309233,0.0075041999289,0.049384523445138
"Gene5561",27.35543599722,2.15799386452445,0.621617540955386,3.47157813662683,0.000517408731124,0.009688522941217
"Gene5563",26.3681767491333,1.78792293953221,0.627913654119781,2.84740254938164,0.004407758691519,0.036062878543676
"Gene5574",20.6601519918986,-3.44819809503327,0.74229643705168,-4.64531139167141,3.40E-06,0.00056069199199
"Gene5577",110.518990536137,1.77722197472893,0.560444477154123,3.17109374286901,0.001518661262405,0.01917939310411
"Gene5597",116.277499040338,-2.11145841552192,0.508690155184374,-4.15077507202125,3.31E-05,0.002110954293743
"Gene5603",63.4268020183051,3.14475429316383,0.642620476297418,4.89364159586531,9.90E-07,0.000283884399418
"Gene5620",20.8053629767127,1.40884773093694,0.503490387736813,2.79816212037276,0.005139430930513,0.040064033104957
"Gene5622",131.307373820686,-1.6398532307157,0.457016030440917,-3.58817442165784,0.000333001494527,0.007376118470231
"Gene5624",33.444486020666,1.38479073496384,0.481497246311429,2.87600966687183,0.004027373775663,0.034384727972648
"Gene5633",50.3266928079195,-1.34763179216969,0.477517981489323,-2.82215925768194,0.004770148258455,0.038112225601645
"Gene5643",3.28995579787125,3.24412883525268,1.06584161861531,3.0437250512579,0.002336685928754,0.024580312018883
"Gene5645",1.93705570786836,3.28000736848888,1.1473475601631,2.8587739952335,0.00425281658905,0.035325606088007
"Gene5660",193.689936561715,-2.00076354617253,0.526410851329004,-3.80076425309489,0.000144250492564,0.004533137512709
"Gene5661",703.612912918969,1.81996661519474,0.505228816383335,3.60226209625753,0.000315460062136,0.007162257827418
"Gene5667",10.727501198474,-2.09694725162181,0.568256436883949,-3.69014254043558,0.000224128430057,0.005779437827174
